[{"model": "admin_interface.theme", "pk": 1, "fields": {"name": "Prospello", "active": true, "title": "Prospello Administration", "title_color": "#F5DD5D", "title_visible": true, "logo": "", "logo_color": "#FFFFFF", "logo_max_width": 400, "logo_max_height": 100, "logo_visible": false, "favicon": "", "env_name": "", "env_color": "#E74C3C", "env_visible_in_header": true, "env_visible_in_favicon": true, "language_chooser_active": true, "language_chooser_control": "default-select", "language_chooser_display": "code", "css_header_background_color": "#0C4B33", "css_header_text_color": "#44B78B", "css_header_link_color": "#FFFFFF", "css_header_link_hover_color": "#C9F0DD", "css_module_background_color": "#44B78B", "css_module_background_selected_color": "#FFFFCC", "css_module_text_color": "#FFFFFF", "css_module_link_color": "#FFFFFF", "css_module_link_selected_color": "#FFFFFF", "css_module_link_hover_color": "#C9F0DD", "css_module_rounded_corners": true, "css_generic_link_color": "#0C3C26", "css_generic_link_hover_color": "#156641", "css_generic_link_active_color": "#29B864", "css_save_button_background_color": "#0C4B33", "css_save_button_background_hover_color": "#0C3C26", "css_save_button_text_color": "#FFFFFF", "css_delete_button_background_color": "#BA2121", "css_delete_button_background_hover_color": "#A41515", "css_delete_button_text_color": "#FFFFFF", "related_modal_active": true, "related_modal_background_color": "#000000", "related_modal_background_opacity": "0.3", "related_modal_rounded_corners": true, "related_modal_close_button_visible": true, "list_filter_highlight": true, "list_filter_dropdown": true, "list_filter_sticky": true, "list_filter_removal_links": false, "foldable_apps": true, "show_fieldsets_as_tabs": false, "show_inlines_as_tabs": true, "collapsible_stacked_inlines": false, "collapsible_stacked_inlines_collapsed": true, "collapsible_tabular_inlines": false, "collapsible_tabular_inlines_collapsed": true, "recent_actions_visible": true, "form_submit_sticky": false, "form_pagination_sticky": false}}, {"model": "auth.user", "pk": 1, "fields": {"password": "pbkdf2_sha256$600000$1TzaOedU7sdoZdU3EjA9Ki$ZYetvRaUURbPmxqGH3RLakd2cxhu6cjD6V6DdS51+pM=", "last_login": "2025-07-17T09:01:33.063Z", "is_superuser": true, "username": "pvanfas", "first_name": "", "last_name": "", "email": "", "is_staff": true, "is_active": true, "date_joined": "2025-02-17T20:16:31.429Z", "groups": [], "user_permissions": []}}, {"model": "sessions.session", "pk": "8n0vjesd5a36u0q97bi535pa16yrb76d", "fields": {"session_data": ".eJxVjDsOwjAUBO_iGlmO179Q0nMG6_mHA8iR4qRC3B0ipYB2Z2ZfzNO2Vr_1vPgpsTMb2Ol3CxQfue0g3andZh7nti5T4LvCD9r5dU75eTncv4NKvX5rqwiQIaokZFIukwYMUIpKGLUcEAMgymhQIJy1KhKi0kFAO2kI7P0BxjU2zw:1to1Ka:dq19AH61Nf88YDO_-kEOPOK7aSpQU2uyAz9smOjjnLg", "expire_date": "2025-03-14T14:27:12.656Z"}}, {"model": "sessions.session", "pk": "a4xicig8yzt6d568qhvp62y1fvfu7798", "fields": {"session_data": ".eJxVjDsOwjAUBO_iGlmO179Q0nMG6_mHA8iR4qRC3B0ipYB2Z2ZfzNO2Vr_1vPgpsTMb2Ol3CxQfue0g3andZh7nti5T4LvCD9r5dU75eTncv4NKvX5rqwiQIaokZFIukwYMUIpKGLUcEAMgymhQIJy1KhKi0kFAO2kI7P0BxjU2zw:1tk7YY:mVVVfqExOEuq7xPHE4AYZvEfIGRXKoGcBKN1ZKasLrg", "expire_date": "2025-03-03T20:17:30.026Z"}}, {"model": "sessions.session", "pk": "aqek7cnlf1l6o6mxta0ehsl0as4wc55j", "fields": {"session_data": ".eJxVjMsOwiAUBf-FtSEXWqG4dN9vaO4DpGogKe3K-O_apAvdnpk5LzXhtuZpa3GZZlEXZdTpdyPkRyw7kDuWW9Vcy7rMpHdFH7TpsUp8Xg_37yBjy9_aDhE4oTgPlsQaZPGxw86cTZ8I0A7BsE3sQABD8gR98uxiQCb0FtT7A_u-OJ4:1tpZ41:7WLKoKfBVM8WEDih9fg8iTA5d7drjpCQGQy2Ccc6jAw", "expire_date": "2025-03-18T20:40:29.735Z"}}, {"model": "sessions.session", "pk": "cbxvwsbcl8cfr8wjs7n97at7b962coys", "fields": {"session_data": ".eJxVjMsOwiAUBf-FtSEXWqG4dN9vaO4DpGogKe3K-O_apAvdnpk5LzXhtuZpa3GZZlEXZdTpdyPkRyw7kDuWW9Vcy7rMpHdFH7TpsUp8Xg_37yBjy9_aDhE4oTgPlsQaZPGxw86cTZ8I0A7BsE3sQABD8gR98uxiQCb0FtT7A_u-OJ4:1tkRGJ:_xoN6atPg4gdc2zcMBk2USVLkRQKLOncRCHDDbsA9Q4", "expire_date": "2025-03-04T17:19:59.772Z"}}, {"model": "sessions.session", "pk": "ec2io6dvmx6azavoanr56lkhrdzmdtus", "fields": {"session_data": ".eJxVjEEOwiAQRe_C2hAotAWX7j0DmWFmpGpoUtqV8e7apAvd_vfef6kE21rS1nhJE6mzsur0uyHkB9cd0B3qbdZ5rusyod4VfdCmrzPx83K4fwcFWvnWHL3PwmwGi8DRQjeylVHAU8wEzg6OMqIE6cT2wVAfkIx456JBx1m9PxazORs:1ucKUq:JgmbCKtubqwWhFnyHFDOPbRcwSeiAOiuItJ40SJxtZw", "expire_date": "2025-07-31T09:01:44.432Z"}}, {"model": "sessions.session", "pk": "ndgpojqhqrmkou8vncmw1t6jytbn87z7", "fields": {"session_data": ".eJxVjMsOwiAUBf-FtSEXWqG4dN9vaO4DpGogKe3K-O_apAvdnpk5LzXhtuZpa3GZZlEXZdTpdyPkRyw7kDuWW9Vcy7rMpHdFH7TpsUp8Xg_37yBjy9_aDhE4oTgPlsQaZPGxw86cTZ8I0A7BsE3sQABD8gR98uxiQCb0FtT7A_u-OJ4:1u6cKK:9YVvfx2GF4EOsm0MkE9GqAPT6z8ye6endTrD6_7YDhM", "expire_date": "2025-05-04T21:35:48.940Z"}}, {"model": "sessions.session", "pk": "oamplton5dyx7j3zy6qdy7lq4l9n2lzc", "fields": {"session_data": ".eJxVjDsOwjAUBO_iGlmO179Q0nMG6_mHA8iR4qRC3B0ipYB2Z2ZfzNO2Vr_1vPgpsTMb2Ol3CxQfue0g3andZh7nti5T4LvCD9r5dU75eTncv4NKvX5rqwiQIaokZFIukwYMUIpKGLUcEAMgymhQIJy1KhKi0kFAO2kI7P0BxjU2zw:1tpZ71:7idjqsur1B6NnLkSKR3IV4fAigI-Z0-g4pWZKUMn5s4", "expire_date": "2025-03-18T20:43:35.577Z"}}, {"model": "web.platform", "pk": 1, "fields": {"name": "Prospello Foundation", "slug": "prospello-foundation", "tagline": "Empowering Change, Advancing Communities", "order": 2, "summary": "The Prospello Foundation was born from a deep-seated belief in the power of human\r\npotential and the importance of creating a more just and equitable world. Recognizing\r\nthe interconnectedness of social and economic issues, we strive to address critical\r\nchallenges facing communities worldwide, focusing on education, poverty alleviation,\r\nand community empowerment.", "description": "Founded by Prospello Companies, the Prospello Foundation embodies the spirit of giving back that permeates the entire Prospello Group. We believe that businesses have a responsibility to contribute to the betterment of society and strive to create a positive  impact on the communities we serve. The Prospello Foundation is more than just a charitable organization; it is a catalyst for positive change, empowering individuals and communities to reach their full potential and build a brighter future for all.", "mission": "The Prospello Foundation is a non-profit organization dedicated to making a positive\r\nimpact on society by addressing critical social and economic challenges. We believe in\r\nthe power of education, the importance of access to basic needs, and the transformative\r\npotential of human empowerment. Our mission is to empower individuals and\r\ncommunities to reach their full potential by addressing issues such as poverty, hunger,\r\nand lack of access to quality education.", "vision": "At Prospello, we believe in a world where every individual has the opportunity to thrive.\r\nWe recognize that true success is not solely measured by financial gain, but also by the\r\npositive impact we have on society. The Prospello Foundation is the embodiment of this\r\nbelief, a testament to our commitment to giving back to the world and making a lasting\r\ndiﬀerence in the lives of others.", "transparent_image": "platforms/1.jpg", "background_image": "platforms/2.jpg", "feature_image": "platforms/3.jpg", "established_image": "platforms/4.jpg"}}, {"model": "web.platform", "pk": 2, "fields": {"name": "Prospello Ai", "slug": "prospello-ai", "tagline": "Unleashing the Power of Artificial Intelligence", "order": 6, "summary": "Prospello AI is at the forefront of artificial intelligence, developing cutting-edge solutions\r\nthat transform businesses and empower individuals. We harness the power of AI to solve\r\ncomplex challenges, drive innovation, and unlock new possibilities across a wide range\r\nof industries.", "description": "Our team of AI experts, data scientists, and engineers are passionate about pushing the\r\nboundaries of what's possible with AI. We leverage the latest advancements in machine\r\nlearning, deep learning, natural language processing, and computer vision to develop\r\ninnovative solutions that deliver real-world impact.", "mission": "To democratize access to AI and empower organizations of all sizes to leverage its\r\ntransformative power.", "vision": "To be a leading AI solutions provider, known for our innovative technology, exceptional\r\ncustomer service, and a commitment to ethical and responsible AI development.", "transparent_image": "platforms/1.jpg", "background_image": "platforms/2.jpg", "feature_image": "platforms/3.jpg", "established_image": "platforms/4.jpg"}}, {"model": "web.platform", "pk": 3, "fields": {"name": "Prospello Real Estate", "slug": "prospello-real-estate", "tagline": "Creating Spaces for Building Dreams.", "order": 7, "summary": "Prospello Real Estate is a diversified real estate company with a vision to create\r\ninnovative and sustainable real estate solutions that enhance the quality of life for our\r\ncommunities. We are not just building properties; we are building thriving ecosystems\r\nthat enrich lives and contribute to the growth of the cities we serve.", "description": "Our portfolio spans a diverse range of real estate sectors, including residential,\r\ncommercial, and mixed-use developments. We are committed to delivering exceptional\r\nquality, customer satisfaction, and sustainable practices throughout all our endeavors.", "mission": "To be a leading real estate developer renowned for innovation, sustainability, and a\r\ncommitment to enhancing the quality of life for our residents and the communities we\r\nserve.", "vision": "To create exceptional real estate developments that are both aesthetically pleasing and\r\nfunctionally superior, while prioritizing sustainability, community building, and a\r\ncommitment to ethical and responsible practices.", "transparent_image": "platforms/1.jpg", "background_image": "platforms/2.jpg", "feature_image": "platforms/3.jpg", "established_image": "platforms/4.jpg"}}, {"model": "web.platform", "pk": 4, "fields": {"name": "Prospello Institute of Advanced Studies", "slug": "prospello-institute-of-advanced-studies", "tagline": "Igniting Minds,Shaping Futures.", "order": 2, "summary": "Prospello Institute of Advanced Studies is a premier institution dedicated to fostering\r\nintellectual growth and empowering individuals to achieve their full potential. We oﬀer a\r\ndiverse range of high-quality academic programs designed to equip students with the\r\nknowledge, skills, and critical thinking abilities necessary to excel in today's dynamic and\r\ninterconnected world.", "description": "At Prospello, we believe in a holistic approach to education that goes beyond the\r\nclassroom. We foster a vibrant and engaging learning environment that encourages\r\ncritical thinking, creativity, and intellectual curiosity. Our faculty comprises experienced\r\nscholars, industry professionals, and thought leaders who are passionate about teaching\r\nand dedicated to student success.", "mission": "To provide an exceptional educational experience that empowers students to become\r\nlifelong learners, critical thinkers, and responsible global citizens.", "vision": "To be a leading institution of higher learning, recognized for academic excellence,\r\ninnovative teaching methodologies, and a commitment to producing graduates who are\r\nwell-prepared to thrive in a rapidly changing world.", "transparent_image": "platforms/cloud_TXqq8iE.png", "background_image": "platforms/2.jpg", "feature_image": "platforms/3.jpg", "established_image": "platforms/4.jpg"}}, {"model": "web.platform", "pk": 5, "fields": {"name": "Prospello Communications", "slug": "prospello-communications", "tagline": "Empowering Brands Through Growth", "order": 4, "summary": "Prospello Communications is an integrated marketing consultancy that helps businesses\r\nbuild strong brands and connect with their audiences in meaningful ways. We are a team\r\nof creative strategists, experienced marketers, and skilled communicators who are\r\npassionate about crafting compelling brand stories and driving impactful results.", "description": "We understand that in today's dynamic and competitive landscape, a strong brand is\r\nmore than just a logo or a slogan. It's a powerful promise, a unique identity, and a\r\nconsistent experience that resonates deeply with your target audience. At Prospello\r\nCommunications, we go beyond traditional marketing tactics. We delve deep into your\r\nbrand's essence, understand your unique value proposition, and develop integrated\r\nmarketing campaigns that deliver measurable results across all touchpoints.", "mission": "Our mission is to empower businesses with strategic, creative, and results-driven marketing solutions. We are committed to crafting compelling brand stories, fostering meaningful audience connections.", "vision": "We envision a world where every business, regardless of size, has the opportunity to build a strong, resonant brand that stands out, thrives, and leaves a lasting impression.", "transparent_image": "platforms/1.jpg", "background_image": "platforms/2.jpg", "feature_image": "platforms/3.jpg", "established_image": "platforms/4.jpg"}}, {"model": "web.platform", "pk": 6, "fields": {"name": "Prospello Technologies", "slug": "prospello-technologies", "tagline": "Driving Digital Transformation", "order": 3, "summary": "Prospello Technologies is a leading provider of innovative technology solutions that\r\nempower businesses to thrive in the rapidly evolving digital landscape. We are more than\r\njust a technology company; we are a trusted partner dedicated to helping our clients\r\nachieve their business goals through the strategic application of technology.", "description": "Founded in 2020, Prospello Technologies has a proven track record of success in\r\ndelivering high-quality, cost-eﬀective, and customized solutions that meet the unique\r\nneeds of our diverse clientele. Our team comprises highly skilled and experienced\r\nprofessionals, including software engineers, cloud architects, data scientists,\r\ncybersecurity experts, and business analysts, who bring a wealth of knowledge and\r\nexpertise to every project.\r\nWe believe in fostering long-term partnerships with our clients, built on trust,\r\ntransparency, and open communication. We take the time to understand our clients'\r\nunique business challenges and objectives, and work closely with them to develop and\r\nimplement tailored solutions that drive sustainable growth and deliver measurable\r\nresults.\r\nAt Prospello Technologies, we are committed to staying at the forefront of technological\r\nadvancements. We continuously invest in research and development, Exploring new\r\ntechnologies and methodologies to deliver cutting-edge solutions that provide our\r\nclients with a competitive edge.", "mission": "To be a trusted technology partner for businesses of all sizes, delivering cutting-edge\r\nsolutions that drive digital transformation and create sustainable growth.", "vision": "To be recognized as a leader in the technology industry, known for our innovative\r\nsolutions, exceptional customer service, and a commitment to excellence.", "transparent_image": "platforms/tech.png", "background_image": "platforms/tech2.jpg", "feature_image": "platforms/3.jpg", "established_image": "platforms/4.jpg"}}, {"model": "web.platform", "pk": 7, "fields": {"name": "Prospello Corporate Holdings", "slug": "prospello-corporate-holdings", "tagline": "Empowering Growth, Inspiring Change", "order": 1, "summary": "Propello Corporate Holdings is a diversified group of companies with a strong entrepreneurial foundation, dedicated to fostering innovation and driving growth across multiple industries. We manage a dynamic portfolio of businesses, each empowered to excel in their respective sectors, and thrive in a rapidly evolving marketplace. Our commitment to excellence and adaptability enables us to navigate a competitive landscape while delivering sustainable success across a wide range of industries.", "description": "Propello Corporate Holdings is a diversified group of companies with a strong entrepreneurial foundation, dedicated to fostering innovation and driving growth across multiple industries. We manage a dynamic portfolio of businesses, each empowered to excel in their respective sectors, and thrive in a rapidly evolving marketplace. Our commitment to excellence and adaptability enables us to navigate a competitive landscape while delivering sustainable success across a wide range of industries.", "mission": "To be a global leader in driving innovation, fostering sustainable growth, and empowering businesses to excel across diverse industries, creating lasting value for our stakeholders and communities.", "vision": "To be a global leader in innovation and sustainable growth, empowering businesses to excel across diverse industries.", "transparent_image": "platforms/cloud.png", "background_image": "platforms/2.jpg", "feature_image": "platforms/3.jpg", "established_image": "platforms/4.jpg"}}, {"model": "web.platform", "pk": 8, "fields": {"name": "Prospello Retail", "slug": "prospello-retail", "tagline": "Enhancing Experiences, Elevating Business", "order": 8, "summary": "Prospello Retail is a dynamic and innovative company that creates unique retail\r\nexperiences that resonate with consumers. We go beyond simply selling products; we\r\ncultivate lasting relationships by oﬀering exceptional customer service, engaging brand\r\nexperiences, and a commitment to quality.", "description": "Prospello Retail is a dynamic and innovative company that creates unique retail\r\nexperiences that resonate with consumers. We go beyond simply selling products; we\r\ncultivate lasting relationships by oﬀering exceptional customer service, engaging brand\r\nexperiences, and a commitment to quality.", "mission": "To cultivate a portfolio of successful brands that provide exceptional\r\nproducts and services, while fostering meaningful connections with our customers and\r\ncontributing positively to the communities we serve. We strive to create unique and\r\nengaging retail experiences that resonate with consumers, exceed expectations, and\r\nbuild lasting brand loyalty.", "vision": "At Prospello Retail, we envision a future where retail is more than just a\r\ntransaction; it's an immersive and enriching experience that connects brands with\r\nconsumers on a deeper level. We aim to create a world where shopping is not merely a\r\nnecessity, but a pleasurable and fulfilling journey. Our vision is to redefine the retail\r\nlandscape by setting new standards for customer experience, brand innovation, and\r\ncommunity engagement", "transparent_image": "platforms/1_uDXOMCP.jpg", "background_image": "platforms/2_i7UQHdY.jpg", "feature_image": "platforms/3_AkMdCnx.jpg", "established_image": "platforms/4_0Ffytzh.jpg"}}, {"model": "web.platformservice", "pk": 1, "fields": {"platform": 6, "title": "Software Development", "description": "Custom Software Development: Tailored solutions to meet specific business requirements, from web and mobile applications to complex enterprise software.\r\nWeb Application Development: User-friendly and high-performing websites and web applications, including e-commerce platforms, content management systems, and business portals.\r\nMobile App Development: Engaging and user-friendly mobile applications for iOS and Android platforms, designed for optimal user experience.\r\nCloud-Native Applications: Architecting and developing applications specifically designed for cloud environments (AWS, Azure, GCP), leveraging cloud-native services for scalability, agility, and cost-eﬀectiveness.\r\nEnterprise Application Integration: Seamlessly integrating existing systems and applications within an organization to improve data flow, enhance eﬃciency, and reduce operational costs"}}, {"model": "web.platformservice", "pk": 2, "fields": {"platform": 6, "title": "Cloud Solutions", "description": "Cloud Migration and Optimization: Migrating existing IT infrastructure and applications to cloud platforms (AWS, Azure, GCP) to enhance performance, reduce costs, and improve scalability.\r\nCloud Infrastructure Management: Managing and optimizing cloud infrastructure, including serverless computing, containerization (Docker, Kubernetes), and cloud security.\r\nCloud-Based Solutions: Designing and implementing cloud-based solutions, such as cloud storage, disaster recovery, and business continuity plans."}}, {"model": "web.platformservice", "pk": 3, "fields": {"platform": 6, "title": "Data Analytics & Business Intelligence", "description": "Data Warehousing and Data Lake Solutions: Designing and implementing data warehousing and data lake solutions to store, manage, and analyze large volumes of data.\r\nData Visualization and Reporting: Creating insightful dashboards and reports to help businesses understand their data and make informed decisions.\r\nPredictive Analytics and Machine Learning: Leveraging advanced analytics techniques to identify trends, predict future outcomes, and gain a competitive advantage."}}, {"model": "web.platformservice", "pk": 4, "fields": {"platform": 6, "title": "Cybersecurity Solutions", "description": "Threat Detection and Response: Implementing and managing security information and event management (SIEM) systems to detect and respond to cyber threats in real-time.\r\nData Security and Privacy: Implementing robust data security measures to protect sensitive data, ensure compliance with data privacy regulations (e.g., GDPR, CCPA), and maintain customer trust.\r\nCybersecurity Audits and Assessments: Conducting regular security assessments and penetration testing to identify and mitigate potential vulnerabilities.\r\nEndpoint Security: Protecting endpoints (laptops, desktops, mobile devices) from malware, ransomware, and other cyber threats."}}, {"model": "web.platformservice", "pk": 5, "fields": {"platform": 6, "title": "IT Consulting & Advisory", "description": "Digital Transformation Strategy: Developing and implementing comprehensive digital transformation strategies to help businesses adapt to the evolving digital landscape.\r\nIT Strategy and Planning: Aligning IT strategy with business objectives and developing a roadmap for IT infrastructure and technology investments.\r\nTechnology Roadmap Development: Creating a roadmap for technology adoption and implementation, considering factors such as budget, timeline, and risk.\r\nIT Project Management: Managing and overseeing IT projects from inception to completion, ensuring projects are delivered on time, within budget, and to the required quality standards."}}, {"model": "web.platformservice", "pk": 6, "fields": {"platform": 5, "title": "Brand Strategy & Development", "description": "Brand Positioning & Messaging\r\nBrand Identity Design (Logo, Visual Identity, Brand Guidelines)\r\nBrand Architecture & Naming\r\nCompetitive Analysis\r\nBrand Audits & Assessments"}}, {"model": "web.platformservice", "pk": 7, "fields": {"platform": 5, "title": "Integrated Marketing Campaigns", "description": "Digital Marketing (SEO, SEM, Social Media Marketing, Content Marketing,\r\nEmail Marketing)\r\nPublic Relations & Media Relations\r\nInfluencer Marketing\r\nContent Creation (Website Copy, Brochures, White Papers, Video\r\nProduction, Blog Posts)\r\nEvent Marketing & Sponsorship\r\nExperiential Marketing"}}, {"model": "web.platformservice", "pk": 8, "fields": {"platform": 5, "title": "Creative Services", "description": "Graphic Design & Visual Communication\r\nUi UX Design & Development\r\nVideo Production & Motion Graphics\r\nPhotography & Videography"}}, {"model": "web.platformservice", "pk": 9, "fields": {"platform": 5, "title": "Public Relations Management", "description": "Media Relations\r\nCrisis Communication\r\nReputation Management\r\nMedia Monitoring & Analysis"}}, {"model": "web.platformservice", "pk": 10, "fields": {"platform": 5, "title": "Personal Branding", "description": "Executive Branding\r\nThought Leadership Development\r\nPersonal Branding Strategy & Implementation"}}, {"model": "web.platformservice", "pk": 11, "fields": {"platform": 2, "title": "AI-Powered Solutions", "description": "AI-Driven Automation: Automating repetitive tasks, streamlining workflows, and increasing eﬃciency.\r\nPredictive Analytics & Forecasting: Developing AI models to predict future outcomes, identify trends, and make data-driven decisions.\r\nNatural Language Processing (NLP): Developing AI-powered chatbots, sentiment analysis tools, and language translation services.\r\nComputer Vision: Developing AI-powered image and video recognition solutions for applications such as object detection, facial recognition, and image analysis. \r\nMachine Learning Model Development & Deployment: Building and deploying custom machine learning models for a wide range of applications."}}, {"model": "web.platformservice", "pk": 12, "fields": {"platform": 2, "title": "AI Consulting & Advisory", "description": "AI Strategy Development: Helping organizations develop and implement AI strategies aligned with their business objectives.\r\nAI Proof-of-Concept Development: Developing and testing AI prototypes to demonstrate the potential value of AI solutions.\r\nAI Talent Development: Providing training and upskilling programs to help organizations build AI expertise within their teams."}}, {"model": "web.platformservice", "pk": 13, "fields": {"platform": 3, "title": "Protech Park", "description": "A thriving innovation hub that fosters the growth of early-stage startups.\r\nProtech Park provides state-of-the-art co-working spaces, mentorship programs, and\r\naccess to a vibrant entrepreneurial ecosystem."}}, {"model": "web.platformservice", "pk": 14, "fields": {"platform": 3, "title": "Prospello Food & Entertainment Parks", "description": "Lively and vibrant destinations that oﬀer a\r\ndiverse range of culinary experiences, entertainment options, and social spaces for the\r\nentire community."}}, {"model": "web.platformservice", "pk": 15, "fields": {"platform": 3, "title": "Houztell", "description": "A leading provider of high-quality co-living and residential spaces, oﬀering\r\nmodern amenities, flexible lease options, and a vibrant community experience."}}, {"model": "web.platformservice", "pk": 16, "fields": {"platform": 3, "title": "BrokerXchange", "description": "A dynamic real estate brokerage platform that connects property\r\nseekers with a wide range of residential and commercial properties, providing a\r\nseamless and eﬃcient property search experience."}}, {"model": "web.platformservice", "pk": 17, "fields": {"platform": 8, "title": "Radio Xpress", "description": "More than just a coﬀee shop, Radio Xpress is a vibrant community hub\r\nwhere people can connect, relax, and enjoy a moment of respite. We oﬀer a diverse menu of high-quality coﬀees, handcrafted beverages, and delectable pastries, all served\r\nwith a smile and a commitment to exceptional customer service. Radio Xpress is\r\ndesigned to be a welcoming and inviting space where people can work, socialize, or\r\nsimply enjoy a moment of peace. We prioritize using locally sourced ingredients\r\nwhenever possible and support local businesses in our sourcing decisions."}}, {"model": "web.platformservice", "pk": 18, "fields": {"platform": 8, "title": "Dansei&Jo", "description": "A fashion-forward clothing brand that blends contemporary style with\r\ntimeless elegance, oﬀering unique and high-quality apparel for the modern individual.\r\nDansei&Jo is more than just clothing; it's a reflection of personal style and a statement of\r\nindividuality. We prioritize sustainable and ethical sourcing practices, ensuring that our\r\ngarments are produced responsibly and with respect for the environment and the people\r\ninvolved in their creation. We also strive to promote body positivity and inclusivity by\r\noﬀering a diverse range of sizes and styles to cater to all body types."}}, {"model": "web.platformservice", "pk": 23, "fields": {"platform": 1, "title": "Feeding", "description": "Community Kitchens: Establishing and supporting community kitchens that provide nutritious meals to vulnerable populations, including children, the elderly, and homeless individuals."}}, {"model": "web.platformservice", "pk": 24, "fields": {"platform": 1, "title": "Food Banks & Pantries", "description": "Partnering with local food banks and pantries to provide food donations, volunteer support, and financial assistance to ensure access to essential food supplies for those in need.\r\nSustainable Agriculture Programs: Supporting local farmers and promoting sustainable agricultural practices to enhance food security and support local economies."}}, {"model": "web.platformservice", "pk": 25, "fields": {"platform": 1, "title": "Educating", "description": "Educational Scholarships & Grants: Providing financial assistance to students facing financial hardship, enabling them to pursue higher education and achieve their academic goals.\r\nLiteracy Programs: Implementing literacy programs for children and adults to improve reading and writing skills and enhance their overall educational outcomes.\r\nTeacher Training & Development: Supporting teacher training programs and providing resources to enhance the quality of education and empower educators to eﬀectively engage and inspire their students.\r\nSTEM Education Programs: Promoting STEM education (Science, Technology, Engineering, and Mathematics) among young people to equip them with the skills and knowledge necessary to succeed in the 21st century."}}, {"model": "web.platformservice", "pk": 26, "fields": {"platform": 1, "title": "Empowering Communities", "description": "Skills Development Programs: Providing vocational training, life skills development programs, and entrepreneurship training to equip individuals with employable skills and empower them to become self-suﬃcient.\r\nCommunity Development Projects: Supporting community development initiatives that address local needs, such as improving infrastructure, providing access to healthcare, and promoting environmental sustainability.\r\nPromoting Social Entrepreneurship: Supporting and mentoring social entrepreneurs who are working to address social and environmental challenges through innovative and sustainable business models"}}, {"model": "web.spotlightcategory", "pk": 1, "fields": {"name": "Newsroom"}}, {"model": "web.spotlightcategory", "pk": 2, "fields": {"name": "Press Release"}}, {"model": "web.spotlight", "pk": 4, "fields": {"title": "TechFest 2025: Innovations That Will Shape the Future", "slug": "techfest-2025-innovations-that-will-shape-the-future", "category": 1, "image": "spotlights/hand-1837240_1920.jpg", "description": "<p data-start=\"217\" data-end=\"972\">The tech world is gearing up for the highly anticipated <strong data-start=\"190\" data-end=\"207\">TechFest 2025</strong>, an event that promises to showcase the latest innovations and cutting-edge technologies that are set to shape the future. Scheduled for <strong data-start=\"345\" data-end=\"362\">December 2025</strong> in <strong data-start=\"366\" data-end=\"379\">Bangalore</strong>, this year&rsquo;s edition will bring together some of the brightest minds, forward-thinking startups, and global tech giants under one roof for an unparalleled experience.</p>\r\n<h3 data-start=\"548\" data-end=\"574\">What is TechFest 2025?</h3>\r\n<p data-start=\"576\" data-end=\"989\">TechFest is an annual tech conference and expo that celebrates technological advancements and breakthroughs across various industries, from artificial intelligence and robotics to blockchain, cybersecurity, and beyond. In its 2025 edition, <strong data-start=\"816\" data-end=\"833\">TechFest 2025</strong> aims to provide a platform for innovation, knowledge exchange, and collaboration, all designed to push the boundaries of what's possible in the tech world.</p>\r\n<p data-start=\"991\" data-end=\"1408\">Held at one of Bangalore&rsquo;s premier convention centers, the event will feature keynote speeches, panel discussions, product launches, interactive workshops, and live demonstrations of next-gen technologies. The festival will bring together thought leaders, entrepreneurs, developers, investors, and tech enthusiasts to explore how technology will continue to impact our daily lives and industries in the years to come.</p>\r\n<h3 data-start=\"1410\" data-end=\"1445\">Key Highlights of TechFest 2025</h3>\r\n<ol data-start=\"1447\" data-end=\"4188\">\r\n<li data-start=\"1447\" data-end=\"1797\">\r\n<p data-start=\"1450\" data-end=\"1797\"><strong data-start=\"1450\" data-end=\"1482\">World-Class Keynote Speakers</strong>:<br data-start=\"1483\" data-end=\"1486\" />TechFest 2025 will feature thought-provoking keynote addresses from some of the leading figures in the tech industry. Industry pioneers, visionaries, and innovators will share their insights on emerging technologies, the future of digital transformation, and the role of technology in solving global challenges.</p>\r\n</li>\r\n<li data-start=\"1799\" data-end=\"2203\">\r\n<p data-start=\"1802\" data-end=\"2203\"><strong data-start=\"1802\" data-end=\"1835\">Cutting-Edge Tech Exhibitions</strong>:<br data-start=\"1836\" data-end=\"1839\" />One of the biggest attractions of TechFest will be its <strong data-start=\"1894\" data-end=\"1907\">Tech Expo</strong>, where top companies, startups, and research institutions will showcase their latest products, solutions, and prototypes. From AI-powered gadgets and next-gen robotics to smart cities and sustainable tech, the exhibition floor will be buzzing with new concepts that are set to define the future.</p>\r\n</li>\r\n<li data-start=\"2205\" data-end=\"2539\">\r\n<p data-start=\"2208\" data-end=\"2539\"><strong data-start=\"2208\" data-end=\"2243\">Tech Demos and Live Experiences</strong>:<br data-start=\"2244\" data-end=\"2247\" />Get ready for interactive tech demos and live experiences that allow attendees to witness innovations firsthand. Whether it&rsquo;s immersive virtual reality (VR), autonomous vehicles, or smart home systems, the live demos will provide an engaging, hands-on experience of cutting-edge technologies.</p>\r\n</li>\r\n<li data-start=\"2541\" data-end=\"2999\">\r\n<p data-start=\"2544\" data-end=\"2999\"><strong data-start=\"2544\" data-end=\"2575\">Workshops and Masterclasses</strong>:<br data-start=\"2576\" data-end=\"2579\" />TechFest 2025 will host a series of hands-on workshops and masterclasses designed to foster skill-building and knowledge sharing. Topics will cover everything from programming and AI/ML development to blockchain integration and cybersecurity best practices. These sessions will be led by industry experts, offering attendees an opportunity to learn new skills and explore practical applications of emerging technologies.</p>\r\n</li>\r\n<li data-start=\"3001\" data-end=\"3456\">\r\n<p data-start=\"3004\" data-end=\"3456\"><strong data-start=\"3004\" data-end=\"3039\">Startup and Investor Networking</strong>:<br data-start=\"3040\" data-end=\"3043\" />In addition to featuring established companies, TechFest 2025 will focus heavily on <strong data-start=\"3127\" data-end=\"3139\">startups</strong>. The event will host dedicated spaces for startups to pitch their ideas to potential investors, fostering innovation and encouraging investment in the next wave of tech. It will also provide startups with an opportunity to network with other entrepreneurs, form partnerships, and gain insights from industry leaders.</p>\r\n</li>\r\n<li data-start=\"3458\" data-end=\"3771\">\r\n<p data-start=\"3461\" data-end=\"3771\"><strong data-start=\"3461\" data-end=\"3504\">Global Tech Challenges and Competitions</strong>:<br data-start=\"3505\" data-end=\"3508\" />TechFest 2025 will feature several competitions and challenges where the brightest tech minds can showcase their ideas. These include hackathons, innovation contests, and design challenges that encourage participants to solve real-world problems using technology.</p>\r\n</li>\r\n<li data-start=\"3773\" data-end=\"4188\">\r\n<p data-start=\"3776\" data-end=\"4188\"><strong data-start=\"3776\" data-end=\"3810\">Sustainability and Future Tech</strong>:<br data-start=\"3811\" data-end=\"3814\" />A key theme at this year&rsquo;s TechFest will be <strong data-start=\"3858\" data-end=\"3876\">sustainability</strong>. Attendees will get to see how technologies like clean energy, sustainable manufacturing, and green tech are being integrated into the solutions of tomorrow. TechFest aims to highlight the intersection of innovation and environmental responsibility, showcasing how tech can help build a more sustainable future.</p>\r\n</li>\r\n</ol>\r\n<h3 data-start=\"4190\" data-end=\"4234\">Why TechFest 2025 is a Must-Attend Event</h3>\r\n<p data-start=\"4236\" data-end=\"4574\"><strong data-start=\"4236\" data-end=\"4279\">1. Access to Groundbreaking Innovations</strong>:<br data-start=\"4280\" data-end=\"4283\" />TechFest 2025 will be one of the first places to witness upcoming technological advancements that could change the way we live and work. Whether it&rsquo;s the launch of the next-generation smart devices, AI models, or sustainable technologies, this is the place to get a sneak peek at the future.</p>\r\n<p data-start=\"4576\" data-end=\"4907\"><strong data-start=\"4576\" data-end=\"4615\">2. Networking with Industry Leaders</strong>:<br data-start=\"4616\" data-end=\"4619\" />With top CEOs, founders, researchers, and industry experts attending the event, TechFest provides unparalleled networking opportunities. Whether you&rsquo;re looking to meet potential collaborators, investors, or mentors, this is the event to connect with the people driving the future of tech.</p>\r\n<p data-start=\"4909\" data-end=\"5281\"><strong data-start=\"4909\" data-end=\"4960\">3. Inspiration for Entrepreneurs and Innovators</strong>:<br data-start=\"4961\" data-end=\"4964\" />For tech enthusiasts, entrepreneurs, and developers, TechFest 2025 will serve as a source of inspiration. The event will expose attendees to the latest trends and offer valuable insights on how technology is shaping industries, making it an essential event for anyone looking to stay ahead in the world of innovation.</p>\r\n<p data-start=\"5283\" data-end=\"5636\"><strong data-start=\"5283\" data-end=\"5331\">4. Insightful Discussions and Panel Sessions</strong>:<br data-start=\"5332\" data-end=\"5335\" />TechFest will feature <strong data-start=\"5357\" data-end=\"5378\">panel discussions</strong> with thought leaders on topics that are critical to the future of tech. Topics like the ethics of AI, the evolution of the metaverse, and the potential of quantum computing will provide attendees with invaluable perspectives from those shaping the industry.</p>\r\n<h3 data-start=\"5638\" data-end=\"5678\">A Vision for Bangalore&rsquo;s Tech Future</h3>\r\n<p data-start=\"5680\" data-end=\"6092\">Bangalore, already known as the <strong data-start=\"5712\" data-end=\"5739\">Silicon Valley of India</strong>, continues to be a major hub for technology and innovation. Hosting TechFest 2025 here further solidifies the city&rsquo;s role as a leading destination for global tech events. This year&rsquo;s event promises to be an even bigger milestone, bringing together local startups and global tech giants to collaborate, learn, and push the boundaries of what&rsquo;s possible.</p>\r\n<p data-start=\"6110\" data-end=\"6579\">As we look toward the future, <strong data-start=\"6140\" data-end=\"6157\">TechFest 2025</strong> in Bangalore promises to be an unforgettable experience. Whether you&rsquo;re a tech enthusiast, a professional in the field, or an entrepreneur looking to make your mark, this event offers something for everyone. With a blend of cutting-edge technology, hands-on workshops, networking opportunities, and inspiring talks, <strong data-start=\"6474\" data-end=\"6491\">TechFest 2025</strong> is the event to attend to get a glimpse of the innovations that will define the future.</p>\r\n<p data-start=\"6581\" data-end=\"6701\"><strong data-start=\"6581\" data-end=\"6701\">Mark your calendars for December 2025, and get ready to experience the future of tech at TechFest 2025 in Bangalore!</strong></p>", "date": "2025-02-18"}}, {"model": "web.spotlight", "pk": 6, "fields": {"title": "Prospello Foundation Announces Art Fest 2025 in Kochi", "slug": "prospello-foundation-announces-art-fest-2025-in-kochi", "category": 1, "image": "spotlights/student-1258137_1280.jpg", "description": "<p data-start=\"100\" data-end=\"588\"><strong data-start=\"100\" data-end=\"132\">Kochi, India &ndash; March 5, 2025</strong> &ndash; Prospello Foundation, known for its dedication to promoting art, culture, and creativity, has unveiled plans for an exciting <strong data-start=\"260\" data-end=\"277\">Art Fest 2025</strong>, set to take place in <strong data-start=\"300\" data-end=\"309\">Kochi</strong> this <strong data-start=\"315\" data-end=\"323\">June</strong>. The festival promises to be a vibrant celebration of contemporary art, featuring renowned artists, emerging talents, and a range of cultural performances, exhibitions, and workshops. This is set to be one of the most anticipated art events in Kerala for the year.</p>\r\n<h3 data-start=\"590\" data-end=\"623\">A Hub for Artistic Expression</h3>\r\n<p data-start=\"625\" data-end=\"997\">The <strong data-start=\"629\" data-end=\"662\">Prospello Foundation Art Fest</strong> aims to bring together local, national, and international artists to showcase their works and engage with the community. The festival will be held across multiple venues in Kochi, including art galleries, open spaces, cultural centers, and unique outdoor locations, transforming the city into a vibrant canvas of creative expression.</p>\r\n<p data-start=\"999\" data-end=\"1257\">The event is designed to offer art lovers, collectors, and general audiences an opportunity to experience diverse forms of art&mdash;ranging from visual arts, installations, sculptures, photography, and digital art, to live performances, theater, music, and dance.</p>\r\n<h3 data-start=\"1259\" data-end=\"1289\">Highlights of the Art Fest</h3>\r\n<ol data-start=\"1291\" data-end=\"2916\">\r\n<li data-start=\"1291\" data-end=\"1612\">\r\n<p data-start=\"1294\" data-end=\"1612\"><strong data-start=\"1294\" data-end=\"1327\">Exhibitions and Installations</strong>: The festival will feature stunning art installations, ranging from large-scale outdoor sculptures to thought-provoking gallery exhibits. The works will explore various themes such as identity, society, nature, and technology, providing attendees with a diverse range of perspectives.</p>\r\n</li>\r\n<li data-start=\"1614\" data-end=\"1960\">\r\n<p data-start=\"1617\" data-end=\"1960\"><strong data-start=\"1617\" data-end=\"1642\">Interactive Workshops</strong>: Art enthusiasts and budding artists can take part in workshops led by renowned artists. These sessions will cover various mediums such as painting, digital art, sculpture, and photography. The workshops aim to foster creativity, provide hands-on experience, and allow participants to learn from experts in the field.</p>\r\n</li>\r\n<li data-start=\"1962\" data-end=\"2204\">\r\n<p data-start=\"1965\" data-end=\"2204\"><strong data-start=\"1965\" data-end=\"2006\">Live Performances and Cultural Events</strong>: The festival will also spotlight live performances including theater, music, dance, and poetry, bringing together artists from various disciplines to create a truly immersive cultural experience.</p>\r\n</li>\r\n<li data-start=\"2206\" data-end=\"2594\">\r\n<p data-start=\"2209\" data-end=\"2594\"><strong data-start=\"2209\" data-end=\"2247\">Artist Talks and Panel Discussions</strong>: Prospello Foundation will host a series of insightful artist talks, panel discussions, and seminars on topics related to contemporary art, the future of creativity, and the role of art in society. These will serve as a platform for artists and art enthusiasts to discuss current trends and share their perspectives on the evolving art landscape.</p>\r\n</li>\r\n<li data-start=\"2596\" data-end=\"2916\">\r\n<p data-start=\"2599\" data-end=\"2916\"><strong data-start=\"2599\" data-end=\"2617\">Kochi Art Walk</strong>: One of the key attractions will be the <strong data-start=\"2658\" data-end=\"2676\">Kochi Art Walk</strong>, a curated trail through the city&rsquo;s art spaces. This self-guided tour will take visitors on a journey through Kochi&rsquo;s thriving art scene, showcasing exhibitions, installations, and street art in both conventional and unconventional venues.</p>\r\n</li>\r\n</ol>\r\n<h3 data-start=\"2918\" data-end=\"2948\">The Vision Behind the Fest</h3>\r\n<p data-start=\"2950\" data-end=\"3269\">The <strong data-start=\"2954\" data-end=\"2987\">Prospello Foundation Art Fest</strong> is a part of Prospello&rsquo;s broader mission to promote cultural exchange and innovation. The festival intends to create a platform for emerging artists to showcase their talent, while simultaneously giving established artists an opportunity to share their work with a wider audience.</p>\r\n<h3 data-start=\"4216\" data-end=\"4271\">The Road Ahead: Making Kochi a Cultural Destination</h3>\r\n<p data-start=\"4273\" data-end=\"4592\">The Prospello Foundation Art Fest is a part of Prospello&rsquo;s long-term vision to make Kochi a thriving hub for art and culture. The foundation plans to host similar events annually, building on the success of the 2025 festival, and further establishing the city as a premier destination for art lovers and creators alike.</p>", "date": "2025-02-18"}}, {"model": "web.spotlight", "pk": 7, "fields": {"title": "Prospello Technologies Launches ProPark in Bangalore", "slug": "prospello-technologies-launches-propark-in-bangalore", "category": 1, "image": "spotlights/WhatsApp_Image_2025-02-28_at_22.01.41_1.jpeg", "description": "<p data-start=\"177\" data-end=\"702\">Bangalore, often hailed as the Silicon Valley of India, continues to be the go-to hub for tech innovation and entrepreneurship. In line with this, <strong data-start=\"324\" data-end=\"350\">Prospello Technologies</strong> has recently launched <strong data-start=\"373\" data-end=\"384\">ProPark</strong>, a state-of-the-art <strong data-start=\"405\" data-end=\"418\">tech park</strong> designed to cater to the growing needs of the city&rsquo;s thriving tech industry. Located in one of Bangalore's prime areas, ProPark is set to be the next big destination for startups, tech companies, and innovators looking for a collaborative environment to drive their ventures forward.</p>\r\n<h3 data-start=\"704\" data-end=\"724\">What is ProPark?</h3>\r\n<p data-start=\"726\" data-end=\"1240\">ProPark is not just another business complex&mdash;it is a cutting-edge tech park built to meet the demands of modern businesses in the digital age. With a focus on technology, innovation, and collaboration, ProPark is designed to foster creativity and growth for companies operating in the IT, AI, IoT, and other emerging tech fields. The park offers a range of facilities, including office spaces, co-working areas, labs, and state-of-the-art infrastructure, all crafted to provide an ideal environment for innovation.</p>\r\n<h3 data-start=\"1242\" data-end=\"1269\">Key Features of ProPark</h3>\r\n<ol data-start=\"1271\" data-end=\"3208\">\r\n<li data-start=\"1271\" data-end=\"1580\">\r\n<p data-start=\"1274\" data-end=\"1580\"><strong data-start=\"1274\" data-end=\"1304\">World-Class Infrastructure</strong>: ProPark boasts of modern architecture and advanced infrastructure that ensures seamless connectivity, reliability, and security. With high-speed internet, uninterrupted power supply, and top-tier facilities, businesses can focus on their core operations without disruptions.</p>\r\n</li>\r\n<li data-start=\"1582\" data-end=\"1907\">\r\n<p data-start=\"1585\" data-end=\"1907\"><strong data-start=\"1585\" data-end=\"1605\">Smart Workspaces</strong>: The tech park offers flexible workspaces, including open-plan offices, private cabins, and co-working spaces that can be tailored to the needs of startups, SMEs, and large enterprises. The spaces are designed to promote collaboration and creativity while offering the privacy needed for focused work.</p>\r\n</li>\r\n<li data-start=\"1909\" data-end=\"2273\">\r\n<p data-start=\"1912\" data-end=\"2273\"><strong data-start=\"1912\" data-end=\"1955\">Innovation Labs and Research Facilities</strong>: ProPark is home to cutting-edge labs and research facilities, enabling businesses to experiment and develop new technologies in fields like Artificial Intelligence (AI), Machine Learning (ML), and Internet of Things (IoT). These facilities provide the tools and resources needed to push the boundaries of innovation.</p>\r\n</li>\r\n<li data-start=\"2275\" data-end=\"2580\">\r\n<p data-start=\"2278\" data-end=\"2580\"><strong data-start=\"2278\" data-end=\"2306\">Networking Opportunities</strong>: One of the key advantages of working in a tech park like ProPark is the access to a thriving network of entrepreneurs, investors, and industry experts. ProPark regularly hosts events, workshops, and networking sessions that facilitate collaborations and knowledge sharing.</p>\r\n</li>\r\n<li data-start=\"2582\" data-end=\"2855\">\r\n<p data-start=\"2585\" data-end=\"2855\"><strong data-start=\"2585\" data-end=\"2603\">Sustainability</strong>: Keeping in mind the environmental impact, ProPark incorporates green building standards with sustainable practices such as energy-efficient lighting, water conservation systems, and green spaces. It aims to contribute to a cleaner, greener Bangalore.</p>\r\n</li>\r\n<li data-start=\"2857\" data-end=\"3208\">\r\n<p data-start=\"2860\" data-end=\"3208\"><strong data-start=\"2860\" data-end=\"2878\">Prime Location</strong>: Strategically located in the heart of Bangalore, ProPark offers easy access to major business districts, transportation hubs, and key areas like Whitefield, Electronic City, and Koramangala. This central location makes it the ideal choice for companies looking to tap into the city's vast talent pool and business opportunities.</p>\r\n</li>\r\n</ol>\r\n<h3 data-start=\"3210\" data-end=\"3264\">Why ProPark Matters for Bangalore&rsquo;s Tech Ecosystem</h3>\r\n<p data-start=\"3266\" data-end=\"3669\">As one of India&rsquo;s fastest-growing tech cities, Bangalore has seen an influx of both domestic and international tech companies. However, the rapid growth has also led to a shortage of high-quality, well-equipped spaces that cater to the specific needs of tech-driven businesses. ProPark aims to fill this gap by offering an all-inclusive environment where businesses can scale, collaborate, and innovate.</p>\r\n<p data-start=\"3671\" data-end=\"4104\">ProPark is designed to be more than just an office space; it&rsquo;s a community of innovators, tech enthusiasts, and thought leaders. By bringing together like-minded individuals and companies, ProPark nurtures an ecosystem that encourages collaboration and innovation. This makes it an attractive destination for tech startups looking for a place that fosters creativity and allows them to interact with other forward-thinking companies.</p>\r\n<h3 data-start=\"4106\" data-end=\"4146\">Benefits for Businesses and Startups</h3>\r\n<ul data-start=\"4148\" data-end=\"5100\">\r\n<li data-start=\"4148\" data-end=\"4370\">\r\n<p data-start=\"4150\" data-end=\"4370\"><strong data-start=\"4150\" data-end=\"4170\">Access to Talent</strong>: With Bangalore being a hub for tech talent, ProPark offers businesses proximity to a large pool of skilled professionals. This makes it easier for companies to recruit and scale their teams quickly.</p>\r\n</li>\r\n<li data-start=\"4374\" data-end=\"4558\">\r\n<p data-start=\"4376\" data-end=\"4558\"><strong data-start=\"4376\" data-end=\"4395\">Business Growth</strong>: ProPark&rsquo;s comprehensive support services&mdash;ranging from business consulting to mentorship opportunities&mdash;enable startups to grow and thrive in a competitive market.</p>\r\n</li>\r\n<li data-start=\"4560\" data-end=\"4852\">\r\n<p data-start=\"4562\" data-end=\"4852\"><strong data-start=\"4562\" data-end=\"4590\">Investment Opportunities</strong>: The tech park regularly hosts events that connect startups with potential investors. With access to a robust network of venture capitalists, angel investors, and industry leaders, businesses in ProPark have the opportunity to secure funding and expand rapidly.</p>\r\n</li>\r\n<li data-start=\"4854\" data-end=\"5100\">\r\n<p data-start=\"4856\" data-end=\"5100\"><strong data-start=\"4856\" data-end=\"4888\">Collaboration &amp; Partnerships</strong>: The shared spaces and collaborative environment make it easy for businesses to partner with others, share ideas, and even co-develop products and services. This fosters a dynamic and growth-oriented atmosphere.</p>\r\n</li>\r\n</ul>\r\n<h3 data-start=\"5102\" data-end=\"5127\">The Future of ProPark</h3>\r\n<p data-start=\"5129\" data-end=\"5557\">Prospello Technologies has big plans for ProPark in the coming years. As the demand for tech-focused infrastructure continues to rise, ProPark aims to expand its facilities to accommodate more companies and provide additional resources to support innovation. The park is also looking to integrate more advanced technologies, including smart building management systems, to further enhance the overall experience for its tenants.</p>\r\n<p data-start=\"5559\" data-end=\"5909\">ProPark is more than just a physical space; it represents a vision for the future of work, where collaboration, innovation, and sustainability are at the forefront. With the ongoing evolution of technology, ProPark is perfectly positioned to help businesses navigate the challenges of the digital age and emerge as leaders in their respective fields.</p>", "date": "2025-03-05"}}, {"model": "web.career", "pk": 1, "fields": {"title": "Lead Web Developer", "job_id": "PRC235", "summary": "Works with Frontend Developers to codes web pages utilizing XHTML and CSS and other computer coding languages, following industry standards. Use expertise of JavaScript and front end frameworks to collaborate with developers, business partners, architects, and other groups to identify technical and functional needs of systems", "description": "<p>Works with Frontend Developers to codes web pages utilizing XHTML and CSS and other computer coding languages, following industry standards. Use expertise of JavaScript and front end frameworks to collaborate with developers, business partners, architects, and other groups to identify technical and functional needs of systems</p>"}}, {"model": "web.career", "pk": 2, "fields": {"title": "Senior Software Engineer", "job_id": "PRC236", "summary": "We are seeking a highly skilled Senior Software Engineer to join our team. In this role, you will design, develop, and maintain robust software applications, ensuring optimal performance and scalability. You will collaborate with cross-functional teams, including product managers and designers, to define and implement new features, writing clean, efficient, and maintainable code in line with software development best practices.", "description": "<div class=\"flex-1 overflow-hidden @container/thread translate-y-[2rem] -mt-[2rem] pb-[1.5rem]\">\r\n<div class=\"flex h-full flex-col overflow-y-auto\">\r\n<div class=\"flex flex-col text-sm md:pb-9\">\r\n<article class=\"w-full text-token-text-primary focus-visible:outline-2 focus-visible:outline-offset-[-4px]\" dir=\"auto\" data-testid=\"conversation-turn-5\" data-scroll-anchor=\"true\">\r\n<div class=\"m-auto text-base py-[18px] px-6\">\r\n<div class=\"mx-auto flex flex-1 text-base gap-4 md:gap-5 lg:gap-6 md:max-w-3xl\">\r\n<div class=\"group/conversation-turn relative flex w-full min-w-0 flex-col agent-turn @xs/thread:px-0 @sm/thread:px-1.5 @md/thread:px-4\">\r\n<div class=\"flex-col gap-1 md:gap-3\">\r\n<div class=\"flex max-w-full flex-col flex-grow\">\r\n<div class=\"min-h-8 text-message flex w-full flex-col items-end gap-2 whitespace-normal break-words text-start [.text-message+&amp;]:mt-5\" dir=\"auto\" data-message-author-role=\"assistant\" data-message-id=\"e341a08e-70c5-4dfd-a9af-a1a9591b742b\" data-message-model-slug=\"gpt-4o-mini\">\r\n<div class=\"flex w-full flex-col gap-1 empty:hidden first:pt-[3px]\">\r\n<div class=\"markdown prose w-full break-words dark:prose-invert light\">\r\n<p data-start=\"30\" data-end=\"1083\" data-is-last-node=\"\">We are seeking a highly skilled Senior Software Engineer to join our team. In this role, you will design, develop, and maintain robust software applications, ensuring optimal performance and scalability. You will collaborate with cross-functional teams, including product managers and designers, to define and implement new features, writing clean, efficient, and maintainable code in line with software development best practices. You will also conduct code reviews, mentor junior engineers, and troubleshoot, debug, and optimize existing software to enhance user experience and system reliability. The ideal candidate will have a Bachelor's degree in Computer Science (or equivalent experience), strong proficiency in programming languages such as Java, C++, or Python, and expertise in cloud computing platforms like AWS, Azure, or Google Cloud. Familiarity with Agile methodologies, database management, and DevOps practices is a plus. Strong problem-solving skills, excellent communication, and the ability to work well within a team are essential.</p>\r\n</div>\r\n</div>\r\n</div>\r\n</div>\r\n<div class=\"mb-2 flex gap-3 empty:hidden -ml-2\">\r\n<div class=\"items-center justify-start rounded-xl p-1 flex\">\r\n<div class=\"flex items-center\">&nbsp;</div>\r\n</div>\r\n</div>\r\n<div class=\"pr-2 lg:pr-0\">&nbsp;</div>\r\n<div class=\"mt-3 w-full empty:hidden\">\r\n<div class=\"text-center\">&nbsp;</div>\r\n</div>\r\n</div>\r\n<div class=\"absolute\">\r\n<div class=\"flex items-center justify-center\">&nbsp;</div>\r\n</div>\r\n</div>\r\n</div>\r\n</div>\r\n</article>\r\n</div>\r\n</div>\r\n</div>\r\n<div class=\"md:pt-0 dark:border-white/20 md:border-transparent md:dark:border-transparent w-full isolate has-[[data-has-thread-error]]:[box-shadow:var(--sharp-edge-bottom-shadow)] has-[[data-has-thread-error]]:pt-2\">\r\n<div>\r\n<div class=\"m-auto text-base px-3 md:px-4 w-full md:px-5 lg:px-4 xl:px-5\">\r\n<div class=\"mx-auto flex flex-1 text-base gap-4 md:gap-5 lg:gap-6 md:max-w-3xl\">\r\n<div class=\"flex justify-center empty:hidden\">&nbsp;</div>\r\n<form class=\"w-full\" aria-haspopup=\"dialog\" aria-expanded=\"false\" aria-controls=\"radix-:r1v:\" data-state=\"closed\">\r\n<div class=\"relative z-[1] flex h-full max-w-full flex-1 flex-col\">\r\n<div class=\"absolute bottom-full left-0 right-0 z-20\">&nbsp;</div>\r\n<div class=\"group relative z-[1] flex w-full items-center\">\r\n<div class=\"w-full\">\r\n<div id=\"composer-background\" class=\"flex w-full cursor-text flex-col rounded-3xl border border-token-border-light px-3 py-1 duration-150 ease-in-out contain-inline-size motion-safe:transition-[color,background-color,border-color,text-decoration-color,fill,stroke,box-shadow] dark:border-none dark:shadow-none shadow-[0_9px_9px_0px_rgba(0,0,0,0.01),_0_2px_5px_0px_rgba(0,0,0,0.06)] has-[:focus]:shadow-[0_2px_12px_0px_rgba(0,0,0,0.04),_0_9px_9px_0px_rgba(0,0,0,0.01),_0_2px_5px_0px_rgba(0,0,0,0.06)] bg-token-main-surface-primary dark:bg-[#303030]\">\r\n<div class=\"flex min-h-[44px] items-start pl-1\">\r\n<div class=\"min-w-0 max-w-full flex-1\">\r\n<div class=\"_prosemirror-parent_1r7mb_1 text-token-text-primary max-h-[25dvh] max-h-52 overflow-auto default-browser\">&nbsp;</div>\r\n</div>\r\n</div>\r\n</div>\r\n</div>\r\n</div>\r\n</div>\r\n</form></div>\r\n</div>\r\n</div>\r\n</div>"}}, {"model": "web.career", "pk": 3, "fields": {"title": "Sales Executives", "job_id": "PRC237", "summary": "We are seeking a dynamic and results-driven Sales Executive to join our team. In this role, you will be responsible for identifying and pursuing new business opportunities, building and maintaining strong client relationships, and achieving sales targets. You will work closely with the marketing and product teams to develop and execute effective sales strategies, ensuring customer satisfaction and driving revenue growth.", "description": "<div>\r\n<div>We are seeking a dynamic and results-driven Sales Executive to join our team. In this role, you will be responsible for identifying and pursuing new business opportunities, building and maintaining strong client relationships, and achieving sales targets. You will work closely with the marketing and product teams to develop and execute effective sales strategies, ensuring customer satisfaction and driving revenue growth.</div>\r\n</div>"}}, {"model": "web.faq", "pk": 1, "fields": {"question": "What makes working at Prospello unique?", "answer": "At Prospello, we embrace a culture of constant evolution and innovation. With our motto, “Evolving Through Revolution,” we are committed to driving passion-led, exponential growth across diverse industries, including technology, advertising, branding, education, and beyond. Working with us means being part of a dynamic team that is reshaping multiple sectors and pushing towards global leadership. Join us to be a part of this exciting, fast-paced journey."}}, {"model": "web.faq", "pk": 2, "fields": {"question": "What industries does Prospello operate in?", "answer": "Prospello started as an advertisement agency but has rapidly expanded into a wide range of industries. Currently, we are actively involved in Technology, Advertising, Branding, Education, Entertainment, Retail, E-commerce, Restaurants, Tourism, and other digital services. This ever-expanding presence allows our team members to explore new opportunities, develop diverse skill sets, and work on innovative projects across sectors."}}, {"model": "web.faq", "pk": 3, "fields": {"question": "How does Prospello support career development?", "answer": "At Prospello, we believe in nurturing talent and providing continuous learning opportunities. Whether you’re seeking to advance in your current role or explore new areas within the company, we offer mentorship, cross-functional projects, and a clear path for growth. Our commitment to “Evolving Through Revolution” means that personal and professional development is at the heart of everything we do."}}, {"model": "web.faq", "pk": 4, "fields": {"question": "What is the company’s work culture like?", "answer": "Prospello’s work culture is fast-paced, collaborative, and passion-driven. As a company that constantly adapts and evolves, we encourage innovation, creative thinking, and open communication. You’ll find a supportive environment where your contributions are valued, and we actively seek diverse perspectives to drive success. Working here means being part of a vibrant community that thrives on challenges and the pursuit of excellence."}}, {"model": "web.faq", "pk": 5, "fields": {"question": "How does Prospello define success?", "answer": "At Prospello, success is defined by our ability to achieve exponential growth and leadership in every industry we enter. We measure our success by our commitment to innovation, the impact we make in the markets we serve, and the growth of our employees. Our ultimate goal is to become a global leader in all our businesses, and every team member plays a crucial role in helping us reach this vision."}}, {"model": "web.faq", "pk": 6, "fields": {"question": "What kind of employees does Prospello look for?", "answer": "Prospello seeks passionate, driven individuals who thrive in a fast-evolving environment. We value innovative thinkers, proactive problem-solvers, and individuals who are committed to continuous learning. If you’re looking for an opportunity to make a real impact, grow rapidly, and contribute to an ambitious vision, you’ll thrive at Prospello."}}, {"model": "web.frame", "pk": 1, "fields": {"title": "Prospello AI", "subtitle": "Unlocking the Power of Ai", "description": "Harness the power of artificial intelligence to unlock new possibilities for your business. Prospello AI delivers cutting-edge solutions that drive efficiency, innovation, and growth, empowering you to stay ahead in a rapidly evolving world.", "image": "frames/ai_Nybkkn4.jpg", "page_link": "/industry/technologies/", "order": 6, "is_active": false}}, {"model": "web.frame", "pk": 2, "fields": {"title": "Prospello Institute of Advanced Studies", "subtitle": "Igniting Minds,Shaping Futures", "description": "PIAS is a beacon of excellence in education, offering cutting-edge programs and research opportunities that shape the leaders of tomorrow. With a focus on innovation, critical thinking, and global perspectives, we empower students to unlock their full potential and drive meaningful change in the world.", "image": "frames/education.jpg", "page_link": "/industry/education/", "order": 5, "is_active": false}}, {"model": "web.frame", "pk": 3, "fields": {"title": "Prospello Technologies", "subtitle": "Technology Solutions for a Connected World", "description": "Prospello Technologies is at the forefront of technological innovation, delivering advanced solutions that transform industries and empower businesses. From AI-driven platforms to seamless digital ecosystems, we pave the way for smarter, faster, and more efficient operations.", "image": "frames/technologies.jpg", "page_link": "/industry/technologies/", "order": 3, "is_active": true}}, {"model": "web.frame", "pk": 4, "fields": {"title": "Prospello Corporate Holdings", "subtitle": "Empowering Growth, Inspiring Change", "description": "Propello Corporate Holdings is a diversified group of companies with a strong entrepreneurial foundation, dedicated to fostering innovation and driving growth across multiple industries. We manage a dynamic portfolio of businesses, each empowered to excel in their respective sectors, and thrive in a rapidly evolving marketplace. Our commitment to excellence and adaptability enables us to navigate a competitive landscape while delivering sustainable success across a wide range of industries.", "image": "frames/corporate_holdings.jpg", "page_link": "/", "order": 1, "is_active": true}}, {"model": "web.frame", "pk": 5, "fields": {"title": "Prospello Foundation", "subtitle": "Empowering Change, Advancing Communities", "description": "The Prospello Foundation is a charitable organization dedicated to driving meaningful social change and making a positive impact on communities in need. Through our initiatives, we focus on addressing critical societal issues, promoting equality, and supporting sustainable development. We collaborate with partners, volunteers, and local organizations to create lasting change, empowering individuals and communities to thrive. Our mission is to inspire hope, foster progress, and make a tangible difference in the lives of those who need it most.", "image": "frames/Prospello_Foundation.jpg", "page_link": "/", "order": 2, "is_active": true}}, {"model": "web.frame", "pk": 6, "fields": {"title": "Prospello Communications", "subtitle": "Empowering Brands Through Growth", "description": "Prospello Communications is a dynamic agency focused on driving growth, elevating brands, and crafting innovative creative solutions. We specialize in helping businesses build strong, memorable identities through strategic branding, impactful marketing, and compelling storytelling. With a deep understanding of market trends and audience insights, we create tailored strategies that resonate with consumers and foster lasting connections. Whether through digital, traditional, or experiential channels, Prospello Communications empowers brands to reach their full potential and stand out in an increasingly competitive landscape.", "image": "frames/Prospello_Communications.jpg", "page_link": "/", "order": 4, "is_active": false}}, {"model": "web.frame", "pk": 7, "fields": {"title": "Prospello Real Estate", "subtitle": "Creating Spaces for Building Dreams", "description": "Prospello Real Estate is dedicated to creating exceptional spaces that inspire and fulfill the dreams of individuals and businesses alike. With a focus on innovation, quality, and sustainability, we develop and manage a diverse portfolio of properties that cater to a variety of needs. Whether residential, commercial, or mixed-use, our projects are designed to enhance communities, foster growth, and provide lasting value. At Prospello Real Estate, we believe in transforming visions into reality, creating spaces that not only meet today’s needs but also shape tomorrow’s possibilities.", "image": "frames/Prospello_Real_Estate.jpg", "page_link": "/", "order": 7, "is_active": false}}, {"model": "web.frame", "pk": 8, "fields": {"title": "Prospello Retail", "subtitle": "Enhancing Experiences, Elevating Business", "description": "Prospello Retail is committed to enhancing customer experiences and driving business success through innovative retail solutions. We specialize in creating dynamic, customer-centric environments that blend cutting-edge design with strategic retail strategies. From store layouts to product offerings, we focus on delivering memorable shopping experiences that engage, inspire, and build brand loyalty. With a keen understanding of market trends and consumer behavior, Prospello Retail helps businesses elevate their presence, optimize operations, and thrive in the competitive retail landscape. We believe in transforming every interaction into an opportunity for growth and lasting impact.", "image": "frames/Prospello_Retail.jpg", "page_link": "/", "order": 8, "is_active": false}}, {"model": "web.frame", "pk": 9, "fields": {"title": "Prospello Tech Factory", "subtitle": "Democratizing Technology Access", "description": "Prospello Tech Factory is committed to democratizing access to cutting-edge technology, empowering individuals and businesses to harness the power of innovation. We provide affordable, scalable tech solutions designed to bridge the digital divide and enable growth across diverse sectors. From software development to hardware solutions, our focus is on creating accessible, high-quality technology that drives efficiency, enhances productivity, and fosters digital inclusion. At Prospello Tech Factory, we believe that everyone should have the opportunity to leverage technology for progress, and we are dedicated to making this vision a reality for all.", "image": "frames/Prospello_Tech_Factory.jpg", "page_link": "/", "order": 9, "is_active": false}}, {"model": "web.partner", "pk": 1, "fields": {"name": "Interval Learning", "logo": "firms/Frame_139.png"}}, {"model": "web.partner", "pk": 2, "fields": {"name": "Prospello Technologies", "logo": "firms/Frame_137.png"}}, {"model": "web.partner", "pk": 4, "fields": {"name": "Prospello Communications", "logo": "firms/Frame_135.png"}}, {"model": "web.partner", "pk": 5, "fields": {"name": "PIAS", "logo": "firms/Frame_136.png"}}, {"model": "web.partner", "pk": 6, "fields": {"name": "Pro Vision", "logo": "firms/Frame_138_1.png"}}, {"model": "web.committee", "pk": 1, "fields": {"name": "Growth & Innovation Committee", "focus": "Identify and pursue new business opportunities, drive innovation across the\r\nportfolio, and ensure long-term growth for the company.", "responsibilities": "Conduct market research, evaluate emerging technologies, identify\r\npotential acquisitions or partnerships, and oversee the development of new business\r\nventures."}}, {"model": "web.committee", "pk": 2, "fields": {"name": "Portfolio Management Committee", "focus": "Optimize the performance of the existing portfolio by providing strategic\r\nguidance and support to portfolio companies", "responsibilities": "Monitor portfolio company performance, identify and address\r\nchallenges, facilitate knowledge sharing among portfolio companies, and ensure\r\nalignment with the overall investment strategy"}}, {"model": "web.committee", "pk": 3, "fields": {"name": "Risk & Compliance Committee", "focus": "Mitigate risks and ensure compliance with all relevant laws, regulations, and\r\nindustry standards.", "responsibilities": "Oversee risk management processes, conduct compliance reviews,\r\nensure adherence to ethical and legal standards, and manage potential legal and\r\nreputational risks"}}, {"model": "web.committee", "pk": 4, "fields": {"name": "People & Culture Committee", "focus": "Foster a positive and inclusive work environment, attract and retain top talent,\r\nand ensure employee well-being", "responsibilities": "Oversee human resources policies, develop and implement employee\r\ndevelopment programs, promote diversity and inclusion, and foster a strong company\r\nculture"}}]