[{"model": "admin_interface.theme", "pk": 1, "fields": {"name": "Django", "active": true, "title": "Alot Administration", "title_color": "#F5DD5D", "title_visible": true, "logo": "", "logo_color": "#FFFFFF", "logo_max_width": 400, "logo_max_height": 100, "logo_visible": false, "favicon": "", "env_name": "", "env_color": "#E74C3C", "env_visible_in_header": true, "env_visible_in_favicon": true, "language_chooser_active": true, "language_chooser_control": "default-select", "language_chooser_display": "code", "css_header_background_color": "#0C4B33", "css_header_text_color": "#44B78B", "css_header_link_color": "#FFFFFF", "css_header_link_hover_color": "#C9F0DD", "css_module_background_color": "#44B78B", "css_module_background_selected_color": "#FFFFCC", "css_module_text_color": "#FFFFFF", "css_module_link_color": "#FFFFFF", "css_module_link_selected_color": "#FFFFFF", "css_module_link_hover_color": "#C9F0DD", "css_module_rounded_corners": true, "css_generic_link_color": "#0C3C26", "css_generic_link_hover_color": "#156641", "css_save_button_background_color": "#0C4B33", "css_save_button_background_hover_color": "#0C3C26", "css_save_button_text_color": "#FFFFFF", "css_delete_button_background_color": "#BA2121", "css_delete_button_background_hover_color": "#A41515", "css_delete_button_text_color": "#FFFFFF", "related_modal_active": true, "related_modal_background_color": "#000000", "related_modal_background_opacity": "0.3", "related_modal_rounded_corners": true, "related_modal_close_button_visible": true, "list_filter_highlight": true, "list_filter_dropdown": true, "list_filter_sticky": true, "list_filter_removal_links": false, "foldable_apps": true, "show_fieldsets_as_tabs": true, "show_inlines_as_tabs": false, "recent_actions_visible": true, "form_submit_sticky": false, "form_pagination_sticky": false}}, {"model": "auth.user", "pk": 1, "fields": {"password": "pbkdf2_sha256$600000$Gx10NLGCI4lxNBC0LD7vnR$fqgE2p26d2zOKO/pxxNU5RG1qFRMkwnCufKjrLk3e58=", "last_login": "2024-09-30T06:57:06.192Z", "is_superuser": true, "username": "alotgiftadmin", "first_name": "", "last_name": "", "email": "", "is_staff": true, "is_active": true, "date_joined": "2024-03-07T00:23:14Z", "groups": [], "user_permissions": []}}, {"model": "auth.user", "pk": 2, "fields": {"password": "pbkdf2_sha256$600000$ceDjD3pw3HNMfW6OaGA8RX$gTJAlu/1NfjSDvYYMLgHDSairNx2KRIekLCPOACls2w=", "last_login": "2024-06-02T12:54:18.368Z", "is_superuser": false, "username": "betuhewew", "first_name": "", "last_name": "", "email": "wogijyz@mailinator.com", "is_staff": false, "is_active": true, "date_joined": "2024-06-02T12:54:17.695Z", "groups": [], "user_permissions": []}}, {"model": "auth.user", "pk": 3, "fields": {"password": "pbkdf2_sha256$600000$NRSvlxbrPtEc5DX8mizYWj$yye4+wXTV3AtOlwGq79GVUBJO64e2d2J6Ok433+CnOI=", "last_login": "2024-06-02T12:54:43.766Z", "is_superuser": false, "username": "rezihomeny", "first_name": "", "last_name": "", "email": "loce@mailinator.com", "is_staff": false, "is_active": true, "date_joined": "2024-06-02T12:54:43.117Z", "groups": [], "user_permissions": []}}, {"model": "auth.user", "pk": 4, "fields": {"password": "pbkdf2_sha256$600000$VcBBc2bnFkn1RUipe1Wpch$8nPOsCzKl7UKTN3zCm8msngaFWM69MRrYObctRRHbhc=", "last_login": "2024-06-21T08:18:41.063Z", "is_superuser": false, "username": "Fathima", "first_name": "", "last_name": "", "email": "sherinrox6@gmail.com", "is_staff": false, "is_active": true, "date_joined": "2024-06-21T08:18:40.610Z", "groups": [], "user_permissions": []}}, {"model": "auth.user", "pk": 5, "fields": {"password": "pbkdf2_sha256$600000$nFQjVWtSO619uyGogwqpDu$98hxLz9T1cF1NkfklLlUZnafXtGTYHBX9uLfnpOBLW4=", "last_login": "2024-06-21T08:23:47.899Z", "is_superuser": false, "username": "yusuf", "first_name": "", "last_name": "", "email": "yusufmaricar22@gmail.com", "is_staff": false, "is_active": true, "date_joined": "2024-06-21T08:23:47.419Z", "groups": [], "user_permissions": []}}, {"model": "auth.user", "pk": 6, "fields": {"password": "pbkdf2_sha256$600000$WacXud9at64CuYIxkJeqlD$olLq3i5g7aoMyawMND7Wnwx5KI45Hv77Ns1Qjk5QEB8=", "last_login": "2024-10-12T17:34:17.444Z", "is_superuser": false, "username": "Ashiq262", "first_name": "", "last_name": "", "email": "ashiq262@gmail.com", "is_staff": false, "is_active": true, "date_joined": "2024-09-22T07:54:25.881Z", "groups": [], "user_permissions": []}}, {"model": "auth.user", "pk": 7, "fields": {"password": "pbkdf2_sha256$600000$bZFkEA9cwzpqBxLpn5jqqk$LIY+Qu7PQ/Yrb9RZVYgMiiz0N5xHlBImN5LI59qdZ7c=", "last_login": "2025-02-22T05:37:12.863Z", "is_superuser": true, "username": "pvanfas", "first_name": "", "last_name": "", "email": "", "is_staff": true, "is_active": true, "date_joined": "2025-02-22T05:37:00.318Z", "groups": [], "user_permissions": []}}, {"model": "sessions.session", "pk": "0hvdlm4p9wvr1lmwrcpow0csovjeoh9y", "fields": {"session_data": ".eJxVjDsOwjAQBe_iGln-xoaSPmewdr1rHECOFCcV4u4QKQW0b2beSyTY1pq2zkuaSFyEFqffDSE_uO2A7tBus8xzW5cJ5a7Ig3Y5zsTP6-H-HVTo9VsPELSPlB0aZwwEdlgie02WC6qiCFUOZ1OYghqiJ7KeS7BBW84MDsT7A_cfOL0:1s4HFh:HSWE4f8g3YuMQ-ffTGs1OoAr8u8E8H4oCH3vfa5nSQg", "expire_date": "2024-05-21T09:36:49.102Z"}}, {"model": "sessions.session", "pk": "0jd22r72c2tfa0tkp115ihcwshmq4ijn", "fields": {"session_data": ".eJxVjk0OwiAQhe_C2pC2FEpdGfeegQwwtGgLEejKeHep6UI3k8z7-fJeRMFWZrVlTMpbciaCnH41DeaBYTfsHcIUqYmhJK_pHqGHm-ktWlyuR_YPMEOea9toiQ2OwFvGeoec64YJ7kZrpBB6cE4y5oZOdFx30H8fWS9Ka5sR-7ZCE04-lwTFx6BwBb9UbqX7Z61dpl2o61by_gBHYEZq:1ssHQI:YUtTqxLiPHxSMQLkBca662XNW5AVLCaN9QxREjKVHh0", "expire_date": "2024-10-06T07:54:26.348Z"}}, {"model": "sessions.session", "pk": "0lqf8nufl2t7w7mr9oh678ycu4sqgmuy", "fields": {"session_data": ".eJxVjDsOwjAQBe_iGln-xoaSPmewdr1rHECOFCcV4u4QKQW0b2beSyTY1pq2zkuaSFyEFqffDSE_uO2A7tBus8xzW5cJ5a7Ig3Y5zsTP6-H-HVTo9VsPELSPlB0aZwwEdlgie02WC6qiCFUOZ1OYghqiJ7KeS7BBW84MDsT7A_cfOL0:1sFBQu:h4_DhILBlWchN9MWj6V5QvIUytBcshU205fWwM1nuXU", "expire_date": "2024-06-20T11:37:28.880Z"}}, {"model": "sessions.session", "pk": "0tax7k9etdqvc1l39h99awkwgdbrxgrv", "fields": {"session_data": ".eJxVjM0OwiAQhN-FsyGUv4JH7z4D2YVFqgaS0p6M725retDLJDPfzLxYgHUpYe00hymxM7Ps9JshxAfVHaQ71FvjsdVlnpDvFX7Qzq8t0fNydP8OCvSyrSM6EuTBDErpTMagUNZkn6KzFsecnVJ5lFYalKC_xm1KLiXhSQ_s_QHnKTeT:1szg0P:KW8NRv9HjRv9PJVrOccyYixwYkAn2Dh9heEwdairQVs", "expire_date": "2024-10-26T17:34:17.447Z"}}, {"model": "sessions.session", "pk": "0xk7oel60vga12506c9mgntnkgm3rtux", "fields": {"session_data": ".eJxVjDsOwjAQBe_iGln-xoaSPmewdr1rHECOFCcV4u4QKQW0b2beSyTY1pq2zkuaSFyEFqffDSE_uO2A7tBus8xzW5cJ5a7Ig3Y5zsTP6-H-HVTo9VsPELSPlB0aZwwEdlgie02WC6qiCFUOZ1OYghqiJ7KeS7BBW84MDsT7A_cfOL0:1sYKZo:PRZvUFo0uau0-2RW0Cbrx346TbcOqWQ6yUFu3QAqfC0", "expire_date": "2024-08-12T07:13:48.762Z"}}, {"model": "sessions.session", "pk": "1h3d7eig9u2hw4nbvv7vm6ijukloex27", "fields": {"session_data": ".eJxVjEEOwiAQRe_C2hAoDIhL9z0DmWFAqoYmpV0Z765NutDtf-_9l4i4rTVuPS9xYnERWpx-N8L0yG0HfMd2m2Wa27pMJHdFHrTLceb8vB7u30HFXr91cEieIRcgkwF8CHR2brCsjLFlQLZFsfM6ARj2QSNrzI4hGFRUyIn3B-N-OAw:1srxZl:SdWWpHwCNGojW2jvmBkwND_iNL2My-bXE8QDB0otd9o", "expire_date": "2024-10-05T10:42:53.931Z"}}, {"model": "sessions.session", "pk": "2d6zklmarbepdmn7w10uyxi5p611g419", "fields": {"session_data": ".eJxVjDsOwjAQBe_iGln-xoaSPmewdr1rHECOFCcV4u4QKQW0b2beSyTY1pq2zkuaSFyEFqffDSE_uO2A7tBus8xzW5cJ5a7Ig3Y5zsTP6-H-HVTo9VsPELSPlB0aZwwEdlgie02WC6qiCFUOZ1OYghqiJ7KeS7BBW84MDsT7A_cfOL0:1s4HGX:CUJeFvnbdMqxLTKSMkW9LMn5hnwYGcgtNwZuwjzwDPM", "expire_date": "2024-05-21T09:37:41.720Z"}}, {"model": "sessions.session", "pk": "336rto8mg90uccdxlg6rp2vpvtz7ikit", "fields": {"session_data": ".eJxVjEEOwiAQRe_C2hAoDIhL9z0DmWFAqoYmpV0Z765NutDtf-_9l4i4rTVuPS9xYnERWpx-N8L0yG0HfMd2m2Wa27pMJHdFHrTLceb8vB7u30HFXr91cEieIRcgkwF8CHR2brCsjLFlQLZFsfM6ARj2QSNrzI4hGFRUyIn3B-N-OAw:1ssM6O:-vazzDegvW7FMdVHee_VEwSIjMIkCbh9ZFgCVdFxNZQ", "expire_date": "2024-10-06T12:54:12.105Z"}}, {"model": "sessions.session", "pk": "3jvm5t7d342f3inqvqznq1zw4nu4bs1e", "fields": {"session_data": ".eJxVjDsOwjAQBe_iGln-xoaSPmewdr1rHECOFCcV4u4QKQW0b2beSyTY1pq2zkuaSFyEFqffDSE_uO2A7tBus8xzW5cJ5a7Ig3Y5zsTP6-H-HVTo9VsPELSPlB0aZwwEdlgie02WC6qiCFUOZ1OYghqiJ7KeS7BBW84MDsT7A_cfOL0:1riTtf:AJq2oJo4DdbCcNy9dIkQLTt3XGhk1-alRhPCjo7nap4", "expire_date": "2024-03-22T06:39:59.708Z"}}, {"model": "sessions.session", "pk": "433ow9e3rii0wm9oa9eaf6q6ay2y5f67", "fields": {"session_data": ".eJxVjDsOwjAQBe_iGln-xoaSPmewdr1rHECOFCcV4u4QKQW0b2beSyTY1pq2zkuaSFyEFqffDSE_uO2A7tBus8xzW5cJ5a7Ig3Y5zsTP6-H-HVTo9VsPELSPlB0aZwwEdlgie02WC6qiCFUOZ1OYghqiJ7KeS7BBW84MDsT7A_cfOL0:1sFBSz:IXmCz7E2LKnZF_QhiAhPd-5xhElQZQyVi1q8-yirBZk", "expire_date": "2024-06-20T11:39:37.886Z"}}, {"model": "sessions.session", "pk": "5ujqcjof5s8hpufbwvn84e72kpyfza9k", "fields": {"session_data": ".eJxVjDsOwjAQBe_iGln-xoaSPmewdr1rHECOFCcV4u4QKQW0b2beSyTY1pq2zkuaSFyEFqffDSE_uO2A7tBus8xzW5cJ5a7Ig3Y5zsTP6-H-HVTo9VsPELSPlB0aZwwEdlgie02WC6qiCFUOZ1OYghqiJ7KeS7BBW84MDsT7A_cfOL0:1squvi:OeoTRsPpw_jXO2fButIV9AnMFih3Rky4-ZLEpOOh3cU", "expire_date": "2024-10-02T13:41:14.537Z"}}, {"model": "sessions.session", "pk": "6pp9j97hx6ijaxkp0w45d9gzvedkdjss", "fields": {"session_data": ".eJxVjDsOwjAQBe_iGln-xoaSPmewdr1rHECOFCcV4u4QKQW0b2beSyTY1pq2zkuaSFyEFqffDSE_uO2A7tBus8xzW5cJ5a7Ig3Y5zsTP6-H-HVTo9VsPELSPlB0aZwwEdlgie02WC6qiCFUOZ1OYghqiJ7KeS7BBW84MDsT7A_cfOL0:1srtwa:RZM50JUf0thnzpqYmWxsfgzz6XCkfdl2EfBBG_akNxM", "expire_date": "2024-10-05T06:50:12.736Z"}}, {"model": "sessions.session", "pk": "73i69zt80xnioldr3tetmcjbqbk48bq6", "fields": {"session_data": ".eJxVjDsOwjAQBe_iGln-xoaSPmewdr1rHECOFCcV4u4QKQW0b2beSyTY1pq2zkuaSFyEFqffDSE_uO2A7tBus8xzW5cJ5a7Ig3Y5zsTP6-H-HVTo9VsPELSPlB0aZwwEdlgie02WC6qiCFUOZ1OYghqiJ7KeS7BBW84MDsT7A_cfOL0:1sS8lA:XGLE0WPRi-6ajgZw3lI8I6BHO1MWS4ZdPBLgh0R7dY8", "expire_date": "2024-07-26T05:23:56.814Z"}}, {"model": "sessions.session", "pk": "7jwn9gldh8776fzypzusksy8a4sz0i5h", "fields": {"session_data": ".eJxVjDsOwjAQBe_iGln-xoaSPmewdr1rHECOFCcV4u4QKQW0b2beSyTY1pq2zkuaSFyEFqffDSE_uO2A7tBus8xzW5cJ5a7Ig3Y5zsTP6-H-HVTo9VsPELSPlB0aZwwEdlgie02WC6qiCFUOZ1OYghqiJ7KeS7BBW84MDsT7A_cfOL0:1rwGXl:cEyEApSmljMVYkqFRC-EXn3Sp0Hzufd1erEtvWMtfwU", "expire_date": "2024-04-29T07:14:21.968Z"}}, {"model": "sessions.session", "pk": "88k4mqdhmyjpl75r81dym3ud4dttft2q", "fields": {"session_data": ".eJxVjDsOwjAQBe_iGln-xoaSPmewdr1rHECOFCcV4u4QKQW0b2beSyTY1pq2zkuaSFyEFqffDSE_uO2A7tBus8xzW5cJ5a7Ig3Y5zsTP6-H-HVTo9VsPELSPlB0aZwwEdlgie02WC6qiCFUOZ1OYghqiJ7KeS7BBW84MDsT7A_cfOL0:1s4HGX:CUJeFvnbdMqxLTKSMkW9LMn5hnwYGcgtNwZuwjzwDPM", "expire_date": "2024-05-21T09:37:41.665Z"}}, {"model": "sessions.session", "pk": "8fm0usc3nqrpcj9ds5uq8fmja3rl6tyx", "fields": {"session_data": ".eJxVjkEOwiAURO_C2jS0YAFXxr1nIB_4tGgLCdDExHh3adKFbufNvMybaNjqrLeCWQdHLoST029mwD4x7sA9IE6psynWHEy3V7qDlu6eHC63o_snmKHMbS3MIFCgpEPPz-CVNHQ0aJhQjinRC2YZUC-Zp1wpYy1SGARDoaTyvufQpBmnUGqGGlLUuEJYmrfMmEPM6TVepz1q_1by-QLYzEf6:1sKZTl:YT-wn_kA6IdpBSX78TUHYz4C7Q0oNc1APk52wavddwo", "expire_date": "2024-07-05T08:18:41.065Z"}}, {"model": "sessions.session", "pk": "dlg9upi7h3gslow565pgv38c850bhk66", "fields": {"session_data": ".eJxVjDsOwjAQBe_iGln-xoaSPmewdr1rHECOFCcV4u4QKQW0b2beSyTY1pq2zkuaSFyEFqffDSE_uO2A7tBus8xzW5cJ5a7Ig3Y5zsTP6-H-HVTo9VsPELSPlB0aZwwEdlgie02WC6qiCFUOZ1OYghqiJ7KeS7BBW84MDsT7A_cfOL0:1riVVm:lNJfd-A-4Gj6nKR7S3Ei-DZt0ospgNksyl7C-lrDwJc", "expire_date": "2024-03-22T08:23:26.569Z"}}, {"model": "sessions.session", "pk": "dq8mj5sab2kq7koqsqfnq9ud0788yuhi", "fields": {"session_data": ".eJxVjEEOwiAQRe_C2hAoDIhL9z0DmWFAqoYmpV0Z765NutDtf-_9l4i4rTVuPS9xYnERWpx-N8L0yG0HfMd2m2Wa27pMJHdFHrTLceb8vB7u30HFXr91cEieIRcgkwF8CHR2brCsjLFlQLZFsfM6ARj2QSNrzI4hGFRUyIn3B-N-OAw:1svALC:bJDbgCs3amwZdVRF2T-PM7pvI94DaTqwan5sYQQ2fmM", "expire_date": "2024-10-14T06:57:06.198Z"}}, {"model": "sessions.session", "pk": "ft768alnlf7jf3at65g6yw8h82zleftc", "fields": {"session_data": ".eJxVjDsOwjAQBe_iGln-xoaSPmewdr1rHECOFCcV4u4QKQW0b2beSyTY1pq2zkuaSFyEFqffDSE_uO2A7tBus8xzW5cJ5a7Ig3Y5zsTP6-H-HVTo9VsPELSPlB0aZwwEdlgie02WC6qiCFUOZ1OYghqiJ7KeS7BBW84MDsT7A_cfOL0:1ritlP:jCxHU-s5d_cmePgaD8jX3_KsUKcF12lcwxL-McIGWSY", "expire_date": "2024-03-23T10:17:11.932Z"}}, {"model": "sessions.session", "pk": "ikzoup310vsj2pnu3sb4cmynmaslrpcn", "fields": {"session_data": ".eJxVjDsOwjAQBe_iGln-xoaSPmewdr1rHECOFCcV4u4QKQW0b2beSyTY1pq2zkuaSFyEFqffDSE_uO2A7tBus8xzW5cJ5a7Ig3Y5zsTP6-H-HVTo9VsPELSPlB0aZwwEdlgie02WC6qiCFUOZ1OYghqiJ7KeS7BBW84MDsT7A_cfOL0:1riTYk:3QZd71rArnAhz3OGqD1jOwLdVajxECaV7GSXhMJfByI", "expire_date": "2024-03-22T06:18:22.956Z"}}, {"model": "sessions.session", "pk": "j898cut3qo3l4sgqkerznp7ws7mc725k", "fields": {"session_data": ".eJxVjDsOwjAQBe_iGln-xoaSPmewdr1rHECOFCcV4u4QKQW0b2beSyTY1pq2zkuaSFyEFqffDSE_uO2A7tBus8xzW5cJ5a7Ig3Y5zsTP6-H-HVTo9VsPELSPlB0aZwwEdlgie02WC6qiCFUOZ1OYghqiJ7KeS7BBW84MDsT7A_cfOL0:1sFBQx:TBBVsMRd4yxwNYv58axoYlQ1CzHYbWEbc36y1iJJ2SE", "expire_date": "2024-06-20T11:37:31.667Z"}}, {"model": "sessions.session", "pk": "jdqeolfm63v32hpsglllf2lzq88o7yq3", "fields": {"session_data": ".eJxVjDsOAiEUAO9CbYj8wdLeM5AH7yGrBpJltzLe3ZBsoe3MZN4swr7VuA9a44Lswhw7_bIE-UltCnxAu3eee9vWJfGZ8MMOfutIr-vR_g0qjDq3ISUDyhu0EqS3Tiiw2VKhlETx52A1Be0UQpGilAxeIQY0EqxxmpB9vvAfOHw:1tliCO:HgfQr87-SfdNcAsb0GmBsCfeANJofhPBsoYngbYro5c", "expire_date": "2025-03-08T05:37:12.865Z"}}, {"model": "sessions.session", "pk": "jg9etm1ksw8rqx1m1e4v9inymgm0wn5p", "fields": {"session_data": ".eJxVjEEOwiAQRe_C2hAoDIhL9z0DmWFAqoYmpV0Z765NutDtf-_9l4i4rTVuPS9xYnERWpx-N8L0yG0HfMd2m2Wa27pMJHdFHrTLceb8vB7u30HFXr91cEieIRcgkwF8CHR2brCsjLFlQLZFsfM6ARj2QSNrzI4hGFRUyIn3B-N-OAw:1st7Hq:lU4i2zYbeDKBua6jW6Qv2b4kJZqvfxYuKbL6pu4lBk0", "expire_date": "2024-10-08T15:17:10.753Z"}}, {"model": "sessions.session", "pk": "l3c043pevyqx9ch4f910zs3wjk65zf6q", "fields": {"session_data": ".eJxVjDsOwjAQBe_iGln-xoaSPmewdr1rHECOFCcV4u4QKQW0b2beSyTY1pq2zkuaSFyEFqffDSE_uO2A7tBus8xzW5cJ5a7Ig3Y5zsTP6-H-HVTo9VsPELSPlB0aZwwEdlgie02WC6qiCFUOZ1OYghqiJ7KeS7BBW84MDsT7A_cfOL0:1scMXR:xkm9RSh2-x9BDaOkFAQDn2Pp5xTZiuh96_RMPlCRqa8", "expire_date": "2024-08-23T10:08:01.459Z"}}, {"model": "sessions.session", "pk": "m5n91v30hoofzywvnly64f3qhsbbyiiy", "fields": {"session_data": ".eJxVjDsOwjAQBe_iGln-xoaSPmewdr1rHECOFCcV4u4QKQW0b2beSyTY1pq2zkuaSFyEFqffDSE_uO2A7tBus8xzW5cJ5a7Ig3Y5zsTP6-H-HVTo9VsPELSPlB0aZwwEdlgie02WC6qiCFUOZ1OYghqiJ7KeS7BBW84MDsT7A_cfOL0:1sH09k:BeXAWsY6UTsawRZulo8NyhFanSZsoytieYQx-Xx0IDw", "expire_date": "2024-06-25T11:59:16.370Z"}}, {"model": "sessions.session", "pk": "mg51gu38ohhdsv36j3e4b9ryjbls1dck", "fields": {"session_data": ".eJxVjDsOwjAQBe_iGln-xoaSPmewdr1rHECOFCcV4u4QKQW0b2beSyTY1pq2zkuaSFyEFqffDSE_uO2A7tBus8xzW5cJ5a7Ig3Y5zsTP6-H-HVTo9VsPELSPlB0aZwwEdlgie02WC6qiCFUOZ1OYghqiJ7KeS7BBW84MDsT7A_cfOL0:1sPMkm:eXYy3enxxW0FZs21RSkC9Z2296yWevxCocuE6YmDE5o", "expire_date": "2024-07-18T13:44:04.357Z"}}, {"model": "sessions.session", "pk": "mkod6vg1cep8x4za8tvfh4j3jzo0xnyb", "fields": {"session_data": ".eJxVjDsOwjAQBe_iGln-xoaSPmewdr1rHECOFCcV4u4QKQW0b2beSyTY1pq2zkuaSFyEFqffDSE_uO2A7tBus8xzW5cJ5a7Ig3Y5zsTP6-H-HVTo9VsPELSPlB0aZwwEdlgie02WC6qiCFUOZ1OYghqiJ7KeS7BBW84MDsT7A_cfOL0:1sFBQj:Hbdgq-Er5kDxCMM5mAqYXbN8AhJtko-BcpNnyAJoYqs", "expire_date": "2024-06-20T11:37:17.877Z"}}, {"model": "sessions.session", "pk": "msu8228h3fdycjwurn81uxypmfixio1h", "fields": {"session_data": ".eJxVjDsOwjAQBe_iGln-xoaSPmewdr1rHECOFCcV4u4QKQW0b2beSyTY1pq2zkuaSFyEFqffDSE_uO2A7tBus8xzW5cJ5a7Ig3Y5zsTP6-H-HVTo9VsPELSPlB0aZwwEdlgie02WC6qiCFUOZ1OYghqiJ7KeS7BBW84MDsT7A_cfOL0:1riTvt:BceJmKciQB8hLtCDCp2LqGQyKDQBWJDVkOoRzzEdHR0", "expire_date": "2024-03-22T06:42:17.900Z"}}, {"model": "sessions.session", "pk": "qc139j2i5d4dfysv34hf6lifjpknoggu", "fields": {"session_data": ".eJxVjDsOwjAQBe_iGln-xoaSPmewdr1rHECOFCcV4u4QKQW0b2beSyTY1pq2zkuaSFyEFqffDSE_uO2A7tBus8xzW5cJ5a7Ig3Y5zsTP6-H-HVTo9VsPELSPlB0aZwwEdlgie02WC6qiCFUOZ1OYghqiJ7KeS7BBW84MDsT7A_cfOL0:1sZqqB:Hc4548dM_011vogIpp1STDuByKdCgk8KPbmtQFiyFhU", "expire_date": "2024-08-16T11:52:59.637Z"}}, {"model": "sessions.session", "pk": "ud2xtdbbmm41xqaul5fn2vwpljw1opn5", "fields": {"session_data": ".eJxVjDsOwjAQBe_iGln-xoaSPmewdr1rHECOFCcV4u4QKQW0b2beSyTY1pq2zkuaSFyEFqffDSE_uO2A7tBus8xzW5cJ5a7Ig3Y5zsTP6-H-HVTo9VsPELSPlB0aZwwEdlgie02WC6qiCFUOZ1OYghqiJ7KeS7BBW84MDsT7A_cfOL0:1squWK:Y2_IdvLwURCJeBUNzqk-wyYgxDe8aWfPdQyjo1IgxrM", "expire_date": "2024-10-02T13:15:00.122Z"}}, {"model": "sessions.session", "pk": "wqwko7bimmbpqt4l6rasqbf7oofavwpw", "fields": {"session_data": ".eJxVjDsOwjAQBe_iGln-xoaSPmewdr1rHECOFCcV4u4QKQW0b2beSyTY1pq2zkuaSFyEFqffDSE_uO2A7tBus8xzW5cJ5a7Ig3Y5zsTP6-H-HVTo9VsPELSPlB0aZwwEdlgie02WC6qiCFUOZ1OYghqiJ7KeS7BBW84MDsT7A_cfOL0:1rkM3N:s3akYKO--1oK-_w8LdCSWpsOzgNhO0VAr5L-TIpTlg4", "expire_date": "2024-03-27T10:41:45.114Z"}}, {"model": "sessions.session", "pk": "x7xwj70shaxp6m4zf3652lwpppl0djc1", "fields": {"session_data": ".eJxVjDsOwjAQBe_iGln-xoaSPmewdr1rHECOFCcV4u4QKQW0b2beSyTY1pq2zkuaSFyEFqffDSE_uO2A7tBus8xzW5cJ5a7Ig3Y5zsTP6-H-HVTo9VsPELSPlB0aZwwEdlgie02WC6qiCFUOZ1OYghqiJ7KeS7BBW84MDsT7A_cfOL0:1skZK0:83-2hl_wHWxzWGOPOSikrf4RFIZToAjkuTDKr8IMmm8", "expire_date": "2024-09-15T01:24:04.671Z"}}, {"model": "sessions.session", "pk": "xhv5v0tmqb2c1tft66s8c1rffafcifim", "fields": {"session_data": ".eJxVjDsOwjAQBe_iGln-xoaSPmewdr1rHECOFCcV4u4QKQW0b2beSyTY1pq2zkuaSFyEFqffDSE_uO2A7tBus8xzW5cJ5a7Ig3Y5zsTP6-H-HVTo9VsPELSPlB0aZwwEdlgie02WC6qiCFUOZ1OYghqiJ7KeS7BBW84MDsT7A_cfOL0:1scMVX:LvzkMt-n4uUBgtIWYI0gxNGwpZ_RJ3K325LJMhBoANg", "expire_date": "2024-08-23T10:06:03.617Z"}}, {"model": "sessions.session", "pk": "xl2693vf9yohdmjdh2vgnc8ncxfqtwni", "fields": {"session_data": ".eJxVjEEOwiAQRe_C2hAoDIhL9z0DmWFAqoYmpV0Z765NutDtf-_9l4i4rTVuPS9xYnERWpx-N8L0yG0HfMd2m2Wa27pMJHdFHrTLceb8vB7u30HFXr91cEieIRcgkwF8CHR2brCsjLFlQLZFsfM6ARj2QSNrzI4hGFRUyIn3B-N-OAw:1srui6:jOhEtzKqU_qCOUIblEYMWCohY_8i_ImwdYZ5TM7RoSQ", "expire_date": "2024-10-05T07:39:18.216Z"}}, {"model": "sessions.session", "pk": "ybcdlk8u0b4k92gazuwieo95fk5fbef7", "fields": {"session_data": ".eJxVjDsOwjAQBe_iGln-xoaSPmewdr1rHECOFCcV4u4QKQW0b2beSyTY1pq2zkuaSFyEFqffDSE_uO2A7tBus8xzW5cJ5a7Ig3Y5zsTP6-H-HVTo9VsPELSPlB0aZwwEdlgie02WC6qiCFUOZ1OYghqiJ7KeS7BBW84MDsT7A_cfOL0:1riTpx:ZvfiAWE8z2gyAhxsZiNHGPibqLcx-gHZrv5ITwAR7P4", "expire_date": "2024-03-22T06:36:09.082Z"}}, {"model": "sessions.session", "pk": "zbahh2sa0rsl241kj0ivp0or4f9uxdgd", "fields": {"session_data": ".eJxVjDsOwjAQBe_iGln-xoaSPmewdr1rHECOFCcV4u4QKQW0b2beSyTY1pq2zkuaSFyEFqffDSE_uO2A7tBus8xzW5cJ5a7Ig3Y5zsTP6-H-HVTo9VsPELSPlB0aZwwEdlgie02WC6qiCFUOZ1OYghqiJ7KeS7BBW84MDsT7A_cfOL0:1sH2tj:0K8gH538nqyy4itbG0RBDDxqJfiPWAwzUuQ3uqDCMXI", "expire_date": "2024-06-25T14:54:55.910Z"}}, {"model": "sites.site", "pk": 1, "fields": {"domain": "alotgifthampers.com", "name": "alotgifthampers.com"}}, {"model": "products.cart", "pk": 31, "fields": {"session_id": "jdqeolfm63v32hpsglllf2lzq88o7yq3", "product": 66, "quantity": 2}}, {"model": "products.cart", "pk": 32, "fields": {"session_id": "jdqeolfm63v32hpsglllf2lzq88o7yq3", "product": 57, "quantity": 1}}, {"model": "products.cart", "pk": 33, "fields": {"session_id": "jdqeolfm63v32hpsglllf2lzq88o7yq3", "product": 56, "quantity": 1}}, {"model": "products.order", "pk": 3, "fields": {"created": "2024-06-21T08:24:41.105Z", "updated": "2024-06-21T08:24:41.105Z", "order_id": "2406215FBAAD", "user": 5, "payable": "90.00", "completed_at": "2024-06-21T08:24:41.104Z", "first_name": "yusuf", "last_name": null, "address_line_1": "37th street", "address_line_2": null, "city": "Dubai", "mobile": "0504526194", "alternate_mobile": null, "email": null, "notes": "", "status": "Pending"}}, {"model": "products.order", "pk": 4, "fields": {"created": "2024-07-29T07:14:24.836Z", "updated": "2024-07-29T07:15:46.374Z", "order_id": "24072917CA2A", "user": 1, "payable": "2235.00", "completed_at": "2024-07-29T07:14:24.836Z", "first_name": "ggxgCG", "last_name": "JDCJGCJG", "address_line_1": "BFGVKJGWG", "address_line_2": "HGHKFWGGQ", "city": "DJWHJL", "mobile": "999118191918", "alternate_mobile": null, "email": "WCSFKAFG@BVDLA.COM", "notes": "MVSCSVHbch", "status": "Shipped"}}, {"model": "products.order", "pk": 5, "fields": {"created": "2024-08-09T10:07:18.993Z", "updated": "2024-08-09T10:07:18.993Z", "order_id": "240809C2B3A6", "user": 1, "payable": "400.00", "completed_at": "2024-08-09T10:07:18.993Z", "first_name": "ashiq", "last_name": "ta", "address_line_1": "74", "address_line_2": "01", "city": "Thrishur", "mobile": "17501040602", "alternate_mobile": null, "email": "ashiq262@gmail.com", "notes": "", "status": "Pending"}}, {"model": "products.order", "pk": 6, "fields": {"created": "2024-08-09T10:13:21.614Z", "updated": "2024-08-09T10:13:21.614Z", "order_id": "240809C98FCC", "user": 1, "payable": "779.00", "completed_at": "2024-08-09T10:13:21.614Z", "first_name": "ashiq", "last_name": "ta", "address_line_1": "74", "address_line_2": "01", "city": "Thrishur", "mobile": "17501040602", "alternate_mobile": null, "email": "ashiq262@gmail.com", "notes": "", "status": "Pending"}}, {"model": "products.order", "pk": 7, "fields": {"created": "2024-08-09T10:13:30.285Z", "updated": "2024-08-09T10:13:30.285Z", "order_id": "240809831387", "user": 1, "payable": "0.00", "completed_at": "2024-08-09T10:13:30.285Z", "first_name": "nezal", "last_name": "isman", "address_line_1": "sharjah", "address_line_2": null, "city": "dubai", "mobile": "0551666199", "alternate_mobile": null, "email": null, "notes": "", "status": "Pending"}}, {"model": "products.order", "pk": 8, "fields": {"created": "2024-09-22T08:01:47.729Z", "updated": "2024-09-22T08:01:47.729Z", "order_id": "2409228CF1AF", "user": 6, "payable": "650.00", "completed_at": "2024-09-22T08:01:47.728Z", "first_name": "Ashiq", "last_name": "Abdul khadar", "address_line_1": "Villa 20", "address_line_2": "Street 74", "city": "Barsha dubai", "mobile": "0555473143", "alternate_mobile": "0555473143", "email": "ashiq262@gmail.com", "notes": "", "status": "Pending"}}, {"model": "products.order", "pk": 9, "fields": {"created": "2024-10-12T17:28:49.655Z", "updated": "2024-10-12T17:28:49.655Z", "order_id": "24101204AD95", "user": 6, "payable": "60.00", "completed_at": "2024-10-12T17:28:49.654Z", "first_name": "Ashiq", "last_name": "Abdul khadar", "address_line_1": "74", "address_line_2": "01", "city": "Barsha dubai", "mobile": "0555473143", "alternate_mobile": "0555473143", "email": "ashiq262@gmail.com", "notes": "", "status": "Pending"}}, {"model": "products.order", "pk": 10, "fields": {"created": "2025-02-23T11:16:31.491Z", "updated": "2025-02-23T11:16:31.491Z", "order_id": "250223209BF4", "user": null, "payable": "120.00", "completed_at": "2025-02-23T11:16:31.491Z", "first_name": "Nezal", "last_name": "Usman", "address_line_1": "Sharjah", "address_line_2": null, "city": "Sharjah", "mobile": "0551666199", "alternate_mobile": null, "email": "nezalusman@gmail.com", "notes": "", "status": "Pending"}}, {"model": "products.order", "pk": 11, "fields": {"created": "2025-04-05T19:52:26.405Z", "updated": "2025-04-05T19:52:26.405Z", "order_id": "25040584993D", "user": null, "payable": "220.00", "completed_at": "2025-04-05T19:52:26.405Z", "first_name": "nezal", "last_name": "usman", "address_line_1": "sharjah", "address_line_2": null, "city": "sharjah", "mobile": "0551666199", "alternate_mobile": null, "email": null, "notes": "", "status": "Pending"}}, {"model": "products.order", "pk": 12, "fields": {"created": "2025-04-05T19:56:04.339Z", "updated": "2025-04-05T19:56:04.339Z", "order_id": "25040568AE4B", "user": null, "payable": "340.00", "completed_at": "2025-04-05T19:56:04.338Z", "first_name": "nezal", "last_name": "usman", "address_line_1": "dubai", "address_line_2": null, "city": "dubai", "mobile": "0551666199", "alternate_mobile": null, "email": "nezalusman@gmail.com", "notes": "", "status": "Pending"}}, {"model": "products.order", "pk": 13, "fields": {"created": "2025-06-18T16:08:57.565Z", "updated": "2025-06-18T16:08:57.565Z", "order_id": "250618C71FB6", "user": null, "payable": "220.00", "completed_at": "2025-06-18T16:08:57.565Z", "first_name": "test", "last_name": "for", "address_line_1": "dubai", "address_line_2": null, "city": "sharjah", "mobile": "0554553457", "alternate_mobile": null, "email": "nezalusman@gmail.com", "notes": "", "status": "Pending"}}, {"model": "products.order", "pk": 14, "fields": {"created": "2025-07-10T16:40:10.730Z", "updated": "2025-07-10T16:40:10.730Z", "order_id": "250710BF78A7", "user": null, "payable": "120.00", "completed_at": "2025-07-10T16:40:10.730Z", "first_name": "nezal", "last_name": null, "address_line_1": "dubai", "address_line_2": null, "city": "dubai", "mobile": "0551666199", "alternate_mobile": null, "email": null, "notes": "", "status": "Pending"}}, {"model": "products.orderitem", "pk": 7, "fields": {"order": 3, "product_option": 34, "quantity": 2, "price": "90.00", "message": null, "file_input": ""}}, {"model": "products.orderitem", "pk": 8, "fields": {"order": 4, "product_option": 16, "quantity": 2, "price": "1100.00", "message": null, "file_input": ""}}, {"model": "products.orderitem", "pk": 9, "fields": {"order": 4, "product_option": 15, "quantity": 4, "price": "1000.00", "message": null, "file_input": ""}}, {"model": "products.orderitem", "pk": 10, "fields": {"order": 4, "product_option": 34, "quantity": 3, "price": "135.00", "message": null, "file_input": ""}}, {"model": "products.orderitem", "pk": 11, "fields": {"order": 5, "product_option": 19, "quantity": 2, "price": "400.00", "message": null, "file_input": ""}}, {"model": "products.orderitem", "pk": 12, "fields": {"order": 6, "product_option": 40, "quantity": 1, "price": "220.00", "message": null, "file_input": ""}}, {"model": "products.orderitem", "pk": 13, "fields": {"order": 6, "product_option": 69, "quantity": 1, "price": "54.00", "message": null, "file_input": ""}}, {"model": "products.orderitem", "pk": 14, "fields": {"order": 6, "product_option": 47, "quantity": 1, "price": "20.00", "message": null, "file_input": ""}}, {"model": "products.orderitem", "pk": 15, "fields": {"order": 6, "product_option": 45, "quantity": 1, "price": "20.00", "message": null, "file_input": ""}}, {"model": "products.orderitem", "pk": 16, "fields": {"order": 6, "product_option": 39, "quantity": 2, "price": "400.00", "message": null, "file_input": ""}}, {"model": "products.orderitem", "pk": 17, "fields": {"order": 6, "product_option": 52, "quantity": 1, "price": "20.00", "message": null, "file_input": ""}}, {"model": "products.orderitem", "pk": 18, "fields": {"order": 6, "product_option": 34, "quantity": 1, "price": "45.00", "message": null, "file_input": ""}}, {"model": "products.orderitem", "pk": 19, "fields": {"order": 8, "product_option": 59, "quantity": 2, "price": "260.00", "message": null, "file_input": ""}}, {"model": "products.orderitem", "pk": 20, "fields": {"order": 8, "product_option": 34, "quantity": 2, "price": "90.00", "message": null, "file_input": ""}}, {"model": "products.orderitem", "pk": 21, "fields": {"order": 8, "product_option": 66, "quantity": 2, "price": "300.00", "message": null, "file_input": ""}}, {"model": "products.orderitem", "pk": 22, "fields": {"order": 9, "product_option": 47, "quantity": 1, "price": "60.00", "message": null, "file_input": ""}}, {"model": "products.orderitem", "pk": 23, "fields": {"order": 10, "product_option": 72, "quantity": 1, "price": "120.00", "message": null, "file_input": ""}}, {"model": "products.orderitem", "pk": 24, "fields": {"order": 11, "product_option": 40, "quantity": 1, "price": "220.00", "message": null, "file_input": ""}}, {"model": "products.orderitem", "pk": 25, "fields": {"order": 12, "product_option": 27, "quantity": 1, "price": "180.00", "message": null, "file_input": ""}}, {"model": "products.orderitem", "pk": 26, "fields": {"order": 12, "product_option": 32, "quantity": 1, "price": "160.00", "message": null, "file_input": ""}}, {"model": "products.orderitem", "pk": 27, "fields": {"order": 13, "product_option": 40, "quantity": 1, "price": "220.00", "message": null, "file_input": ""}}, {"model": "products.orderitem", "pk": 28, "fields": {"order": 14, "product_option": 72, "quantity": 1, "price": "120.00", "message": null, "file_input": ""}}, {"model": "web.slider", "pk": 1, "fields": {"created": "2024-02-25T22:32:00Z", "updated": "2024-09-30T07:20:44.098Z", "creator": null, "is_active": true, "topline": "For your loved ones", "title": "Shop by product", "image": "slider/1.png", "order": 1, "link": "https://alotgifthampers.com/products/"}}, {"model": "web.slider", "pk": 2, "fields": {"created": "2024-02-25T22:32:00Z", "updated": "2024-05-07T10:08:27.196Z", "creator": null, "is_active": true, "topline": "Upto 40% Off", "title": "Gift Hampers.", "image": "slider/2.png", "order": 2, "link": "https://alotgifthampers.com/products/"}}, {"model": "web.slider", "pk": 3, "fields": {"created": "2024-02-25T22:32:00Z", "updated": "2024-09-30T07:26:00.556Z", "creator": null, "is_active": false, "topline": "Upto 40% Off", "title": "Chocolates", "image": "slider/3.png", "order": 3, "link": "https://alotgifthampers.com/products/"}}, {"model": "web.slider", "pk": 4, "fields": {"created": "2024-02-25T22:32:00Z", "updated": "2024-09-30T07:25:47.212Z", "creator": null, "is_active": false, "topline": "Upto 40% Off", "title": "Cakes & Pastries", "image": "slider/1.png", "order": 4, "link": "https://alotgifthampers.com/products/"}}, {"model": "web.slider", "pk": 5, "fields": {"created": "2024-02-25T22:32:00Z", "updated": "2024-05-07T10:15:16.765Z", "creator": null, "is_active": true, "topline": "Upto 40% Off", "title": "Flowers & Plants", "image": "slider/2.png", "order": 5, "link": "https://alotgifthampers.com/products/"}}, {"model": "web.slider", "pk": 6, "fields": {"created": "2024-02-25T22:32:00Z", "updated": "2024-02-25T22:52:29.265Z", "creator": null, "is_active": true, "topline": "Upto 40% Off", "title": "Household & Electronics", "image": "slider/3.png", "order": 6, "link": "https://alotgifthampers.com/products/"}}, {"model": "web.category", "pk": 1, "fields": {"created": "2024-02-25T22:32:00Z", "updated": "2024-09-21T07:00:13.688Z", "creator": null, "is_active": true, "name": "Electronics & \r\nAppliances", "slug": "electronics_housewarming", "icon": "category/005-electronics_ZpARrs6.png", "show_in_nav": true, "is_addon": false}}, {"model": "web.category", "pk": 2, "fields": {"created": "2024-02-25T22:32:00Z", "updated": "2024-08-09T11:18:48.303Z", "creator": null, "is_active": true, "name": "Flowers & \r\nPlants", "slug": "flowers-plants", "icon": "category/003-flower-bouquet.png", "show_in_nav": true, "is_addon": false}}, {"model": "web.category", "pk": 7, "fields": {"created": "2024-02-25T22:32:00Z", "updated": "2024-09-21T07:04:39.850Z", "creator": null, "is_active": true, "name": "Baby \r\nHampers", "slug": "household-electronics", "icon": "category/hamper.png", "show_in_nav": true, "is_addon": false}}, {"model": "web.category", "pk": 8, "fields": {"created": "2024-02-25T22:32:00Z", "updated": "2024-09-21T07:07:26.358Z", "creator": null, "is_active": false, "name": "Chocolates & \r\nPastries", "slug": "chocolates", "icon": "category/002-chocolate.png", "show_in_nav": false, "is_addon": false}}, {"model": "web.category", "pk": 10, "fields": {"created": "2024-02-25T22:32:00Z", "updated": "2024-09-21T07:06:39.567Z", "creator": null, "is_active": true, "name": "Gift Hampers", "slug": "gift-hampers", "icon": "category/gift-box.png", "show_in_nav": false, "is_addon": false}}, {"model": "web.category", "pk": 11, "fields": {"created": "2024-03-13T10:42:22.137Z", "updated": "2024-09-21T07:05:53.098Z", "creator": 1, "is_active": true, "name": "Corporate \r\nHampers", "slug": "corporate-hampers", "icon": "category/badge.png", "show_in_nav": true, "is_addon": false}}, {"model": "web.category", "pk": 12, "fields": {"created": "2024-06-02T21:11:22.295Z", "updated": "2024-06-10T11:09:25.973Z", "creator": null, "is_active": false, "name": "Gift Wrapping", "slug": "gift-wrapping", "icon": "category/noun-wrapper-5097527.png", "show_in_nav": false, "is_addon": true}}, {"model": "web.category", "pk": 13, "fields": {"created": "2024-06-02T22:54:54.685Z", "updated": "2024-08-09T11:18:52.604Z", "creator": null, "is_active": false, "name": "Greeting \r\nCards", "slug": "greeting-cards", "icon": "category/wedding-invitation.png", "show_in_nav": true, "is_addon": true}}, {"model": "web.category", "pk": 14, "fields": {"created": "2024-06-02T23:23:50.750Z", "updated": "2024-06-02T23:23:50.750Z", "creator": null, "is_active": true, "name": "Generic Addons", "slug": "generic-addons", "icon": "category/app.png", "show_in_nav": false, "is_addon": true}}, {"model": "web.category", "pk": 15, "fields": {"created": "2024-06-10T11:08:12.363Z", "updated": "2024-09-30T07:07:57.703Z", "creator": 1, "is_active": false, "name": "Cakes & \r\nConfectionery", "slug": "Cakes-chocolates-sweets", "icon": "category/001-cake_aB1hkhc.png", "show_in_nav": false, "is_addon": false}}, {"model": "web.recipient", "pk": 1, "fields": {"created": "2024-02-25T22:32:00Z", "updated": "2024-09-21T06:55:00.750Z", "creator": null, "is_active": true, "name": "For Him", "slug": "for-him", "image": "recipient/gift-for-him_3q0wCMY.png"}}, {"model": "web.recipient", "pk": 2, "fields": {"created": "2024-02-25T22:32:00Z", "updated": "2024-09-21T06:54:55.265Z", "creator": null, "is_active": true, "name": "For Her", "slug": "for-her", "image": "recipient/gift-for-her_w3o2ukg.png"}}, {"model": "web.recipient", "pk": 3, "fields": {"created": "2024-02-25T22:32:00Z", "updated": "2024-09-21T06:57:07.797Z", "creator": null, "is_active": true, "name": "For Parents", "slug": "for-parents", "image": "recipient/gifts-for-parent_VeXyyEG.png"}}, {"model": "web.recipient", "pk": 4, "fields": {"created": "2024-02-25T22:32:00Z", "updated": "2024-09-21T06:54:34.168Z", "creator": null, "is_active": true, "name": "For Bride/Groom", "slug": "for-bridegroom", "image": "recipient/gift-for-bridge-and-groom.png"}}, {"model": "web.recipient", "pk": 5, "fields": {"created": "2024-02-25T22:32:00Z", "updated": "2024-09-21T06:54:49.837Z", "creator": null, "is_active": true, "name": "For Friends", "slug": "for-friends", "image": "recipient/gifts-for-friends.png"}}, {"model": "web.recipient", "pk": 6, "fields": {"created": "2024-02-25T22:32:00Z", "updated": "2024-09-21T06:57:56.172Z", "creator": null, "is_active": true, "name": "For Siblings", "slug": "for-siblings", "image": "recipient/gift-for-siblings_OMR10wN.png"}}, {"model": "web.occasion", "pk": 1, "fields": {"created": "2024-02-25T22:32:00Z", "updated": "2024-08-09T11:05:56.837Z", "creator": null, "is_active": true, "name": "Anniversary", "slug": "anniversary", "image": "occasion/anniversary.png"}}, {"model": "web.occasion", "pk": 2, "fields": {"created": "2024-02-25T22:32:00Z", "updated": "2024-08-09T11:06:26.308Z", "creator": null, "is_active": true, "name": "Birthday", "slug": "birthday", "image": "occasion/birthday.png"}}, {"model": "web.occasion", "pk": 3, "fields": {"created": "2024-02-25T22:32:00Z", "updated": "2024-08-09T11:06:42.254Z", "creator": null, "is_active": true, "name": "House Warming", "slug": "house-warming", "image": "occasion/housewarming.png"}}, {"model": "web.occasion", "pk": 5, "fields": {"created": "2024-02-25T22:32:00Z", "updated": "2024-08-09T11:06:48.332Z", "creator": null, "is_active": true, "name": "New Born", "slug": "new-born", "image": "occasion/newborn.png"}}, {"model": "web.occasion", "pk": 6, "fields": {"created": "2024-02-25T22:32:00Z", "updated": "2024-08-09T11:06:32.445Z", "creator": null, "is_active": true, "name": "Engagement", "slug": "engagement", "image": "occasion/engagement.png"}}, {"model": "web.occasion", "pk": 7, "fields": {"created": "2024-02-25T22:32:00Z", "updated": "2024-08-09T11:06:54.427Z", "creator": null, "is_active": true, "name": "Special Events", "slug": "special-events", "image": "occasion/specialevent.png"}}, {"model": "web.emotion", "pk": 1, "fields": {"created": "2024-02-25T22:32:00Z", "updated": "2024-02-25T22:52:29.265Z", "creator": null, "is_active": true, "name": "Thank You", "slug": "thank-you", "image": ""}}, {"model": "web.emotion", "pk": 2, "fields": {"created": "2024-02-25T22:32:00Z", "updated": "2024-02-25T22:52:29.265Z", "creator": null, "is_active": true, "name": "Sorry", "slug": "sorry", "image": ""}}, {"model": "web.emotion", "pk": 3, "fields": {"created": "2024-02-25T22:32:00Z", "updated": "2024-02-25T22:52:29.265Z", "creator": null, "is_active": true, "name": "Miss you", "slug": "miss-you", "image": ""}}, {"model": "web.emotion", "pk": 4, "fields": {"created": "2024-02-25T22:32:00Z", "updated": "2024-02-25T22:52:29.265Z", "creator": null, "is_active": true, "name": "Getwell soon", "slug": "getwell-soon", "image": ""}}, {"model": "web.product", "pk": 15, "fields": {"creator": null, "is_active": true, "name": "I love you ring box", "slug": "ring-box-flower-engagement-love", "tagline": "For your love", "sku": null, "image": "product/03e52767-9ecc-40a0-9aee-532c7494a18d.JPG", "sale_price": "250.00", "product_type": "MAIN", "category": 10, "summary": "Make her feel special and loved with this beautiful and romantic gesture. Let her know that you care about her and will never stop putting efforts to make her feel special.", "video": "", "description": "<p>Product details :</p>\r\n<ul>\r\n<li>Ring box&nbsp;</li>\r\n<li>Gypsum flowers</li>\r\n<li>10 pink Ecuador roses</li>\r\n<li>I love you hard cover box (46x20x7cm)</li>\r\n</ul>\r\n<p><strong>(Ring in the picture is not included,prices can vary depending on customer's choice of ring)</strong></p>", "created": "2024-02-25T22:32:00Z", "updated": "2025-01-26T10:46:14.070Z", "is_trending": false, "enable_greeting_card": true, "enable_gift_wrapping": false, "enable_addons": true, "enable_message": true, "message_label": "Your Message", "enable_file_upload": false, "file_upload_label": "Upload File", "recipient": [4, 2], "occasion": [1, 2, 6], "emotion": [3]}}, {"model": "web.product", "pk": 16, "fields": {"creator": null, "is_active": true, "name": "Men's Gift Basket", "slug": "men-hamper-yellow", "tagline": "for him", "sku": null, "image": "product/e91f59e4-bd82-47a2-b900-f5bdbb7b7bec.jpg", "sale_price": "550.00", "product_type": "MAIN", "category": 10, "summary": "The perfect gift set for the special man in your life.", "video": "", "description": "<p>Product details:</p>\r\n<ul>\r\n<li style=\"text-align: left;\">1 pair of men's shoe ( customer's choice)</li>\r\n<li style=\"text-align: left;\">1 pair of casual shirt ( customer's choice)</li>\r\n<li style=\"text-align: left;\">13 white Chrysanthemum flowers</li>\r\n<li style=\"text-align: left;\">Gypsum flowers</li>\r\n<li style=\"text-align: left;\">10 yellow Chrysanthemum flowers</li>\r\n<li style=\"text-align: left;\">Yellow filler flowers</li>\r\n<li style=\"text-align: left;\">4 yellow Ecaudor Roses</li>\r\n<li style=\"text-align: left;\">3 Ferrero rocher chocolates&nbsp;</li>\r\n<li style=\"text-align: left;\">Customised voice note scan message</li>\r\n<li style=\"text-align: left;\">Wooden tray (32x22x12cm)</li>\r\n</ul>\r\n<p><strong>( Prices can vary depending on customers choice of shoes and shirt )</strong></p>", "created": "2024-02-25T22:32:00Z", "updated": "2025-01-26T10:46:14.067Z", "is_trending": false, "enable_greeting_card": true, "enable_gift_wrapping": false, "enable_addons": true, "enable_message": true, "message_label": "Your Message", "enable_file_upload": true, "file_upload_label": "Upload File", "recipient": [4, 5, 1], "occasion": [1, 2, 6], "emotion": [3, 2, 1]}}, {"model": "web.product", "pk": 18, "fields": {"creator": null, "is_active": true, "name": "Cage hamper for her", "slug": "ENGAGEMENT-ANNIVERSARY-FORHER-GIFT", "tagline": null, "sku": null, "image": "product/a6816b21-10f6-41b6-b785-5181f5b4955f.JPG", "sale_price": "200.00", "product_type": "MAIN", "category": 10, "summary": "Celebrate the extraordinary women in your life with our cage hampers", "video": "", "description": "<p>Product details:</p>\r\n<ul>\r\n<li>A gift of customer's choice</li>\r\n<li>Golden Acrylic cage</li>\r\n<li>Gypsum flowers</li>\r\n<li>Decorated with blue net</li>\r\n</ul>\r\n<p><strong>Prices can vary depending on customer's choice of gifts selected</strong></p>", "created": "2024-02-25T22:32:00Z", "updated": "2025-01-26T10:46:14.082Z", "is_trending": false, "enable_greeting_card": false, "enable_gift_wrapping": false, "enable_addons": true, "enable_message": true, "message_label": "Your Message", "enable_file_upload": false, "file_upload_label": "Upload File", "recipient": [4, 5, 2], "occasion": [1, 2, 6], "emotion": [3]}}, {"model": "web.product", "pk": 19, "fields": {"creator": null, "is_active": true, "name": "The Royal Blue box", "slug": "engagement-hamper-her-women-anniversary", "tagline": null, "sku": null, "image": "product/f1cc4593-f094-478b-b355-fcdf78c9b056.JPG", "sale_price": "200.00", "product_type": "MAIN", "category": 10, "summary": "Indulge in royalty with the blue royal hamper", "video": "", "description": "<ul>\r\n<li>Customer's choice of gift</li>\r\n<li>Acrylic square box (22cmx22cmx22cm)</li>\r\n<li>Decorated with satin blue cloth</li>\r\n<li>Floral arrangement</li>\r\n</ul>\r\n<p><strong>(Price can vary depending on the gift you choose)</strong></p>", "created": "2024-02-25T22:32:00Z", "updated": "2025-01-26T10:46:14.060Z", "is_trending": false, "enable_greeting_card": false, "enable_gift_wrapping": false, "enable_addons": true, "enable_message": true, "message_label": "Your Message", "enable_file_upload": false, "file_upload_label": "Upload File", "recipient": [4, 2], "occasion": [2], "emotion": []}}, {"model": "web.product", "pk": 23, "fields": {"creator": null, "is_active": true, "name": "White pearl engagement hamper", "slug": "engagement-hamper", "tagline": null, "sku": "1", "image": "product/e8a70ccc-ffd6-4012-966e-6183810fae01.jpg", "sale_price": "450.00", "product_type": "MAIN", "category": 10, "summary": "The enchantment of roses can hardly be matched. This flower tray come together in a joyful union making it a sight of sheer happiness.", "video": "product/0d89fe32-315b-49c7-bb72-c5cd55114849.JPG", "description": "<p>Product details:</p>\r\n<p>. Perfume set</p>\r\n<p>. Roses floral arrangement</p>\r\n<p>. Rectangle shape Forex Tray 25x35cm</p>\r\n<p>(<strong>Price can vary depending on customers choice of perfume)&nbsp;</strong></p>\r\n<p>&nbsp;</p>\r\n<p>&nbsp;</p>", "created": "2024-06-02T23:20:33Z", "updated": "2025-01-26T10:46:14.052Z", "is_trending": false, "enable_greeting_card": false, "enable_gift_wrapping": false, "enable_addons": true, "enable_message": true, "message_label": "Your Message", "enable_file_upload": true, "file_upload_label": "Upload File", "recipient": [4, 2], "occasion": [1, 6], "emotion": []}}, {"model": "web.product", "pk": 24, "fields": {"creator": null, "is_active": true, "name": "Exotic flower garden", "slug": "flower-hamper", "tagline": null, "sku": null, "image": "product/7a5684a1-565f-4216-94ba-401ed8dadb65.JPG", "sale_price": "350.00", "product_type": "MAIN", "category": 10, "summary": "Show the intensity of your love with these lovely exotic flower hamper", "video": "", "description": "<p>Product details :</p>\r\n<ul>\r\n<li>&nbsp;3 light pink Gerbera flowers</li>\r\n<li>&nbsp;5 lavender Chrysanthemum</li>\r\n<li>&nbsp;3 mini Peonies</li>\r\n<li>&nbsp;1 stem of Cinerea Eucalyptus Filler</li>\r\n<li>1 yellow Billy Balls</li>\r\n<li>&nbsp;4 green Chrysanthemum</li>\r\n<li>&nbsp;Acrylic tray -34x23cm</li>\r\n<li>&nbsp;Perfume ( Customer's Choice)</li>\r\n</ul>\r\n<p><strong>(Prices can vary depending on customer's choice of perfume.)</strong></p>", "created": "2024-06-02T23:26:56Z", "updated": "2025-01-26T10:46:14.076Z", "is_trending": false, "enable_greeting_card": true, "enable_gift_wrapping": false, "enable_addons": false, "enable_message": true, "message_label": "Your Message", "enable_file_upload": false, "file_upload_label": "Upload File", "recipient": [5, 2, 1, 6], "occasion": [1, 2, 6, 7], "emotion": [1]}}, {"model": "web.product", "pk": 26, "fields": {"creator": null, "is_active": true, "name": "Lavender Woods box", "slug": "lavender-woods-box-flower-forher-him", "tagline": null, "sku": null, "image": "product/073a8e76-6d19-4e02-909a-494f1c244a7f.jpg", "sale_price": "400.00", "product_type": "MAIN", "category": 10, "summary": "Gift your near and dear ones this floral crate on any special occasion and make them feel loved.", "video": "", "description": "<p>Product details</p>\r\n<ul>\r\n<li>Jaimacan Black Castor oil moisture mask 400 ml</li>\r\n<li>Customised Photo Frame</li>\r\n<li>8 Lavender Crysanthemum&nbsp;</li>\r\n<li>2 Yellow Billy Ball</li>\r\n<li>Mixed dries plants</li>\r\n<li>Green Crysanthemum</li>\r\n<li>Wooden Crate (32cmx22cmx12cm)</li>\r\n</ul>\r\n<p>&nbsp;</p>", "created": "2024-06-10T15:07:37Z", "updated": "2025-01-26T10:46:14.069Z", "is_trending": false, "enable_greeting_card": false, "enable_gift_wrapping": false, "enable_addons": true, "enable_message": true, "message_label": "Your Message", "enable_file_upload": true, "file_upload_label": "Upload File", "recipient": [5, 2, 1, 3], "occasion": [1, 2], "emotion": []}}, {"model": "web.product", "pk": 27, "fields": {"creator": null, "is_active": true, "name": "Eco-friendly Sustainable Hamper", "slug": "eco-friendly-sustainable-hamper-corperate", "tagline": null, "sku": null, "image": "product/cb98070b-374f-40cb-a5ba-9535e247621c.jpg", "sale_price": "180.00", "product_type": "MAIN", "category": 11, "summary": "Are you looking for a unique way to say something to your employees, clients, potential customers ? Then these eco-friendly hampers are there for your rescue.", "video": "", "description": "<p>Product Details</p>\r\n<ul>\r\n<li>Eco-friendly tumbler with silicon lid 385ml</li>\r\n<li>Eco-friendly water bottle 500ml</li>\r\n<li>A5 Hard Cover notebook &amp; pen</li>\r\n<li>Jute Tote Bag&nbsp;</li>\r\n<li>Succulent plant</li>\r\n<li>Wooden crate (32cmx22cmx12cm)</li>\r\n</ul>\r\n<p>(The price can be changed depends on the quantity of the hamper )</p>", "created": "2024-06-10T16:24:34Z", "updated": "2025-01-26T10:46:14.077Z", "is_trending": false, "enable_greeting_card": false, "enable_gift_wrapping": false, "enable_addons": false, "enable_message": false, "message_label": "Your Message", "enable_file_upload": false, "file_upload_label": "Upload File", "recipient": [], "occasion": [], "emotion": [1]}}, {"model": "web.product", "pk": 28, "fields": {"creator": null, "is_active": true, "name": "Hamper of Desire", "slug": "hamper-of-desire", "tagline": "For your love", "sku": null, "image": "product/059bba99-8ddf-428f-9568-651ca39b8f58.jpg", "sale_price": "350.00", "product_type": "MAIN", "category": 10, "summary": "Love is an irresistible desire irresistibly desired. Presenting the hamper of desire _let the desire of love bloom.", "video": "", "description": "<p>Product details:</p>\r\n<ul>\r\n<li>Bath &amp; Body Body cream 70g</li>\r\n<li>Bath &amp; Body Shower gel 88ml</li>\r\n<li>Bateel Premium Dates</li>\r\n<li>8 Red Roses</li>\r\n<li>7 Baby Roses</li>\r\n<li>7 Red Carnation&nbsp;</li>\r\n<li>Hard cover black box</li>\r\n</ul>", "created": "2024-06-11T11:50:37Z", "updated": "2025-01-26T10:46:14.072Z", "is_trending": false, "enable_greeting_card": true, "enable_gift_wrapping": false, "enable_addons": true, "enable_message": true, "message_label": "Your Message", "enable_file_upload": false, "file_upload_label": "Upload File", "recipient": [5, 2, 1], "occasion": [1, 2], "emotion": []}}, {"model": "web.product", "pk": 29, "fields": {"creator": null, "is_active": true, "name": "Tulip love", "slug": "tulip-love-parents-friends-love", "tagline": "For your near & dear once", "sku": null, "image": "product/4aeddb0e-e98b-4927-b05f-21458d4e5458.jpg", "sale_price": "120.00", "product_type": "MAIN", "category": 2, "summary": "", "video": "", "description": "<p>Product details:</p>\r\n<ul>\r\n<li>4 Tulip flowers</li>\r\n<li>3 Baby white roses</li>\r\n<li>Gypsum flowers</li>\r\n<li>Hard cover white box</li>\r\n</ul>\r\n<p>&nbsp;</p>\r\n<p>&nbsp;</p>\r\n<p>&nbsp;</p>", "created": "2024-06-11T12:08:50Z", "updated": "2025-01-26T10:46:14.058Z", "is_trending": false, "enable_greeting_card": false, "enable_gift_wrapping": false, "enable_addons": true, "enable_message": true, "message_label": "Your Message", "enable_file_upload": false, "file_upload_label": "Upload File", "recipient": [5, 3, 6], "occasion": [2, 7], "emotion": []}}, {"model": "web.product", "pk": 30, "fields": {"creator": null, "is_active": true, "name": "Love you Hamper", "slug": "love-you-hamper", "tagline": "For your love", "sku": null, "image": "product/29acac71-6450-4594-8079-36461ae736e3.jpg", "sale_price": "165.00", "product_type": "MAIN", "category": 10, "summary": "Romantic Fresh Roses and Playful Baby's breath_ A match made in heaven.", "video": "", "description": "<p>Product details:</p>\r\n<ul>\r\n<li>6 Red Roses</li>\r\n<li>Gypsum flowers</li>\r\n<li>Hard cover love golden box</li>\r\n</ul>", "created": "2024-06-11T13:28:41Z", "updated": "2025-01-26T10:46:14.069Z", "is_trending": true, "enable_greeting_card": true, "enable_gift_wrapping": false, "enable_addons": true, "enable_message": true, "message_label": "Your Message", "enable_file_upload": false, "file_upload_label": "Upload File", "recipient": [2, 1], "occasion": [1], "emotion": []}}, {"model": "web.product", "pk": 31, "fields": {"creator": null, "is_active": true, "name": "Flower basket", "slug": "flower-basket", "tagline": null, "sku": null, "image": "product/7b610ec3-bd5b-45c1-83ac-3c8a3383f254.jpg", "sale_price": "160.00", "product_type": "MAIN", "category": 2, "summary": "You bring me joy.", "video": "", "description": "<p>Product details:</p>\r\n<ul>\r\n<li>3 Pink Gerbera flowers</li>\r\n<li>1 white Gerbera flower</li>\r\n<li>1 lavender Crysanthemum</li>\r\n<li>4 pink Roses</li>\r\n<li>2 small Peonies</li>\r\n<li>Gypsum flowers</li>\r\n<li>1 Flower basket</li>\r\n</ul>", "created": "2024-06-11T13:56:06Z", "updated": "2025-01-26T10:46:14.076Z", "is_trending": false, "enable_greeting_card": false, "enable_gift_wrapping": false, "enable_addons": false, "enable_message": false, "message_label": "Your Message", "enable_file_upload": false, "file_upload_label": "Upload File", "recipient": [5, 3, 6], "occasion": [1, 2], "emotion": []}}, {"model": "web.product", "pk": 32, "fields": {"creator": null, "is_active": true, "name": "Watch me out", "slug": "-watch-me-out_parents_love_siblings", "tagline": null, "sku": null, "image": "product/2ee41da8-bfb7-4299-93aa-a3f25e82b2e7.jpg", "sale_price": "160.00", "product_type": "MAIN", "category": 10, "summary": "\"There is only one happiness in this life, to love and be loved\".", "video": "", "description": "<p>Product details:</p>\r\n<ul>\r\n<li>7 Pink Roses</li>\r\n<li>Gypsum flowers</li>\r\n<li>Acrylic box</li>\r\n</ul>\r\n<p><strong>(The watch in the picture is not included, price can vary depending on customers choice of watch)</strong></p>", "created": "2024-06-11T14:52:52Z", "updated": "2025-01-26T10:46:14.057Z", "is_trending": false, "enable_greeting_card": false, "enable_gift_wrapping": false, "enable_addons": true, "enable_message": true, "message_label": "Your Message", "enable_file_upload": false, "file_upload_label": "Upload File", "recipient": [5, 3, 6], "occasion": [1, 2, 6], "emotion": []}}, {"model": "web.product", "pk": 33, "fields": {"creator": null, "is_active": true, "name": "Chinese New-year Hamper", "slug": "chinese-new-year-hamper", "tagline": null, "sku": null, "image": "product/beb63827-14e5-462a-96a4-3dd3acfc56b8.jpg", "sale_price": "260.00", "product_type": "MAIN", "category": 10, "summary": "Celebrate to usher out the old year and bring forth the luck and prosperity of the new one. This hamper is the best gesture to wish someone prosperity for the whole year.", "video": "", "description": "<p>This product includes:</p>\r\n<ul>\r\n<li>Perfume&nbsp;</li>\r\n<li>Fresh oranges&nbsp;</li>\r\n<li>Faux flowers&nbsp;</li>\r\n<li>Round shimmer hard cover box (22cm diameter)</li>\r\n<li>Message tags&nbsp;</li>\r\n</ul>\r\n<p><strong>( Prices can vary depending on customers choice of perfume )&nbsp;</strong></p>", "created": "2024-06-11T15:20:43Z", "updated": "2025-01-26T10:46:14.081Z", "is_trending": false, "enable_greeting_card": true, "enable_gift_wrapping": false, "enable_addons": true, "enable_message": true, "message_label": "Your Message", "enable_file_upload": false, "file_upload_label": "Upload File", "recipient": [], "occasion": [7], "emotion": [1]}}, {"model": "web.product", "pk": 34, "fields": {"creator": null, "is_active": true, "name": "Win my heart", "slug": "win-my-heart-rose-bouquet-flowers", "tagline": null, "sku": null, "image": "product/a3e29ec1-4038-458e-bcdd-7b8be67efd74.jpg", "sale_price": "45.00", "product_type": "MAIN", "category": 10, "summary": "\"Take me to your heart, for it's there that I belong\"", "video": "", "description": "<p>&nbsp; &nbsp; &nbsp; Product details:</p>\r\n<ul>\r\n<li>1 Red color Rose</li>\r\n<li>Heart shaped Rose holder</li>\r\n</ul>\r\n<p>&nbsp;</p>\r\n<p><strong>&nbsp; &nbsp; &nbsp; &nbsp;&nbsp;</strong></p>", "created": "2024-06-11T15:23:33Z", "updated": "2025-01-26T10:46:14.050Z", "is_trending": false, "enable_greeting_card": true, "enable_gift_wrapping": false, "enable_addons": true, "enable_message": true, "message_label": "Your Message", "enable_file_upload": false, "file_upload_label": "Upload File", "recipient": [2, 1], "occasion": [1], "emotion": []}}, {"model": "web.product", "pk": 35, "fields": {"creator": null, "is_active": true, "name": "Baby Cradle Hamper", "slug": "baby-cradle-hamper-new-born", "tagline": null, "sku": null, "image": "product/8caf3ff5-49aa-406c-8ad5-2636950c062d.jpg", "sale_price": "215.00", "product_type": "MAIN", "category": 7, "summary": "What better way to Congratulate the proud parents of a happy and healthy baby than to gift them a lovely cute hamper that they can cherish forever.", "video": "", "description": "<p>Product details:&nbsp;</p>\r\n<ul>\r\n<li>Baby milestone memory book&nbsp;</li>\r\n<li>Baby care set&nbsp;</li>\r\n<li>Cradle hard-cover box ( 35cmx18cm)&nbsp;</li>\r\n<li>Gypsum&nbsp;</li>\r\n<li>White Lily&nbsp;</li>\r\n<li>Peach Roses&nbsp;</li>\r\n</ul>\r\n<p><strong>( Prices can vary depending on customers choice of items)&nbsp;</strong></p>", "created": "2024-06-11T15:47:56Z", "updated": "2025-01-26T10:46:14.089Z", "is_trending": false, "enable_greeting_card": true, "enable_gift_wrapping": true, "enable_addons": true, "enable_message": true, "message_label": "Your Message", "enable_file_upload": false, "file_upload_label": "Upload File", "recipient": [], "occasion": [5], "emotion": []}}, {"model": "web.product", "pk": 36, "fields": {"creator": null, "is_active": true, "name": "Too Sweet tray", "slug": "chocolate-pudding-tray-flowers-gifts", "tagline": null, "sku": null, "image": "product/251cefe4-e828-4b9d-89d1-57d2b1e36ba6.JPG", "sale_price": "270.00", "product_type": "MAIN", "category": 10, "summary": "Indulge in a mesmerizing chocolate infusion with our decedent chocolate pudding and make their day even brighter and colorful with some fresh and beautiful flowers.", "video": "", "description": "<p>Product Details :&nbsp;</p>\r\n<ul>\r\n<li>Triple chocolate mini cup cake x2</li>\r\n<li>Chocolates &nbsp;</li>\r\n<li>Cutlery&nbsp;</li>\r\n<li>Candle&nbsp;</li>\r\n<li>Fresh mixes of roses&nbsp;</li>\r\n<li>Gypsum</li>\r\n<li>Baby white Lily&nbsp;</li>\r\n<li>Wooden tray (32cmx22cmx12cm)&nbsp;</li>\r\n</ul>\r\n<p><strong>(Prices can vary depending on customers choice of sweets) </strong></p>", "created": "2024-06-11T16:21:59Z", "updated": "2025-01-26T10:46:14.059Z", "is_trending": false, "enable_greeting_card": true, "enable_gift_wrapping": true, "enable_addons": true, "enable_message": true, "message_label": "Your Message", "enable_file_upload": false, "file_upload_label": "Upload File", "recipient": [5, 2, 3, 6], "occasion": [1, 2], "emotion": [1]}}, {"model": "web.product", "pk": 37, "fields": {"creator": null, "is_active": true, "name": "Self-care Hamper", "slug": "self-care-hamper-new-bride-friends", "tagline": null, "sku": null, "image": "product/646012b1-d1ab-4cda-865f-1b4fbf662afe.jpg", "sale_price": "400.00", "product_type": "MAIN", "category": 10, "summary": "When two souls have finally found each other, there is established between them a union which begins on earth and continues forever in heaven.", "video": "", "description": "<p>Product details:&nbsp;</p>\r\n<ul>\r\n<li>Ritual of Mehr foaming shower gel 200ml</li>\r\n<li>Ritual of Mehr body cream 70ml&nbsp;</li>\r\n<li>Oud scented candle large&nbsp;</li>\r\n<li>Ritual of Mehr hand balm 175ml</li>\r\n<li>Acrylic bag&nbsp;</li>\r\n<li>Faux flowers arrangement&nbsp;</li>\r\n</ul>", "created": "2024-06-11T16:52:29Z", "updated": "2025-01-26T10:46:14.060Z", "is_trending": false, "enable_greeting_card": true, "enable_gift_wrapping": false, "enable_addons": true, "enable_message": true, "message_label": "Your Message", "enable_file_upload": false, "file_upload_label": "Upload File", "recipient": [4, 5, 2, 1], "occasion": [1, 2], "emotion": []}}, {"model": "web.product", "pk": 38, "fields": {"creator": null, "is_active": true, "name": "Welcome Home hamper", "slug": "welcome-home-hamper-new-home-gift", "tagline": null, "sku": null, "image": "product/c9d2273e-876f-4189-8791-0eebda5344f1.jpg", "sale_price": "280.00", "product_type": "MAIN", "category": 10, "summary": "Home is where love resides, memories are created, friends and family belong and laughter never ends. Home is not a place its a feeling and this feeling can be elevated with a beautiful and simple hamper.", "video": "", "description": "<p>Product details:&nbsp;</p>\r\n<ul>\r\n<li>Ceramic Decor Plate medium size&nbsp;</li>\r\n<li>Ceramic Flower Vase</li>\r\n<li>Lindor Chocolate 80g</li>\r\n<li>Scented Candle small</li>\r\n<li>Fresh flowers&nbsp;</li>\r\n<li>Acrylic bag</li>\r\n</ul>", "created": "2024-06-11T17:08:49Z", "updated": "2025-01-26T10:46:14.055Z", "is_trending": false, "enable_greeting_card": true, "enable_gift_wrapping": true, "enable_addons": true, "enable_message": true, "message_label": "Your Message", "enable_file_upload": false, "file_upload_label": "Upload File", "recipient": [], "occasion": [3], "emotion": []}}, {"model": "web.product", "pk": 39, "fields": {"creator": null, "is_active": true, "name": "Oh boy_baby_hamper", "slug": "oh-boy_baby_hamper", "tagline": null, "sku": null, "image": "product/96d6c557-9b82-4f20-934c-4cf88f7540da.jpg", "sale_price": "200.00", "product_type": "MAIN", "category": 7, "summary": "Baby boy hamper", "video": "", "description": "<p>Product details:</p>\r\n<ul>\r\n<li>Wooden Baby pram</li>\r\n<li>1 Pair of baby dress&nbsp;</li>\r\n<li>1 Baby blanket&nbsp;</li>\r\n<li>1 Fish soft toy</li>\r\n<li>1 Teddy soft toy</li>\r\n<li>Floral decorations</li>\r\n</ul>\r\n<p><strong>&nbsp; ( Price can vary depending on cutomers choice of items)</strong></p>", "created": "2024-06-12T07:48:42Z", "updated": "2025-01-26T10:46:14.064Z", "is_trending": false, "enable_greeting_card": false, "enable_gift_wrapping": true, "enable_addons": true, "enable_message": false, "message_label": "Your Message", "enable_file_upload": false, "file_upload_label": "Upload File", "recipient": [], "occasion": [5], "emotion": []}}, {"model": "web.product", "pk": 40, "fields": {"creator": null, "is_active": true, "name": "Oh girl baby hamper", "slug": "oh-girl-baby-hamper", "tagline": null, "sku": null, "image": "product/da1a8f7d-aa4a-4484-9c68-fc0d0319030d.jpg", "sale_price": "220.00", "product_type": "MAIN", "category": 7, "summary": "Baby girls hamper", "video": "", "description": "<p>Product details:</p>\r\n<ul>\r\n<li>Pink wooden tray</li>\r\n<li>1 Baby girl dress</li>\r\n<li>1 Baby blanket</li>\r\n<li>1 Baby hair accessory</li>\r\n<li>1 Teddy soft toy</li>\r\n<li>1 Baby keychain</li>\r\n<li>Floral decorations</li>\r\n</ul>\r\n<p><strong>&nbsp; ( Price can vary depending on customers choice of items)</strong></p>", "created": "2024-06-12T08:04:45Z", "updated": "2025-01-26T10:46:14.064Z", "is_trending": false, "enable_greeting_card": false, "enable_gift_wrapping": true, "enable_addons": true, "enable_message": false, "message_label": "Your Message", "enable_file_upload": false, "file_upload_label": "Upload File", "recipient": [], "occasion": [5], "emotion": []}}, {"model": "web.product", "pk": 41, "fields": {"creator": null, "is_active": true, "name": "Win my heart", "slug": "win-my-heart", "tagline": null, "sku": null, "image": "product/4c06fe7c-39d1-45f4-9267-6985409fc889.jpg", "sale_price": "45.00", "product_type": "MAIN", "category": 10, "summary": "\"Take me to your heart, for it's there that I belong\"", "video": "", "description": "<p>&nbsp; &nbsp; &nbsp; &nbsp;Product details:</p>\r\n<ul>\r\n<li>&nbsp;1 Pinkcolor Rose</li>\r\n<li>Heart shaped Rose holder</li>\r\n</ul>", "created": "2024-06-12T08:47:27Z", "updated": "2025-01-26T10:46:14.051Z", "is_trending": false, "enable_greeting_card": false, "enable_gift_wrapping": false, "enable_addons": true, "enable_message": true, "message_label": "Your Message", "enable_file_upload": false, "file_upload_label": "Upload File", "recipient": [2, 1], "occasion": [1], "emotion": []}}, {"model": "web.product", "pk": 43, "fields": {"creator": null, "is_active": true, "name": "Home sweet home", "slug": "home-sweet-home_housewarming", "tagline": null, "sku": null, "image": "product/3f2a9a24-f175-40b8-aab4-7114d37e9d50.jpg", "sale_price": "160.00", "product_type": "MAIN", "category": 10, "summary": "May your new home be a heaven for your family !", "video": "", "description": "<p>Product details:</p>\r\n<ul>\r\n<li>2 ceramic plates</li>\r\n<li>1 mug</li>\r\n<li>wooden cooking utensils</li>\r\n<li>1 sacculent plant</li>\r\n<li>2 kitchen towel</li>\r\n<li>1 scented candle</li>\r\n<li>&nbsp;Wooden crate (32x22x12)cm</li>\r\n</ul>", "created": "2024-06-12T11:57:24Z", "updated": "2025-01-26T10:46:14.071Z", "is_trending": false, "enable_greeting_card": true, "enable_gift_wrapping": false, "enable_addons": true, "enable_message": true, "message_label": "Your Message", "enable_file_upload": false, "file_upload_label": "Upload File", "recipient": [], "occasion": [3], "emotion": []}}, {"model": "web.product", "pk": 44, "fields": {"creator": null, "is_active": true, "name": "Mosquito lamb small", "slug": "mosquito-lamb_electronics", "tagline": null, "sku": null, "image": "product/2d779cc1-9444-4eba-b3be-8205e72523db.jpg", "sale_price": "45.00", "product_type": "MAIN", "category": 1, "summary": "mosquito lamb small", "video": "", "description": "<p>Rechargeable Mosquito Lamp<br />360&deg; Lighlwave Full Coverage.<br />2000mAh Long Battery Life.<br />Small &amp; Portable Design, Strong ABS Body.<br />Easy to Move the Position.<br />One Key Mechanical Switch.<br />Easy to Operate, Low Noise.<br />5 Watts USB Charging.<br />Trapping Light Source Technology.<br />Powerful Electric Shock .<br />High Mosquito Killing Rate &amp; Longer Life.</p>", "created": "2024-07-04T13:50:50Z", "updated": "2025-01-26T10:46:14.066Z", "is_trending": false, "enable_greeting_card": true, "enable_gift_wrapping": true, "enable_addons": true, "enable_message": true, "message_label": "Your Message", "enable_file_upload": false, "file_upload_label": "Upload File", "recipient": [], "occasion": [3, 7], "emotion": []}}, {"model": "web.product", "pk": 45, "fields": {"creator": null, "is_active": true, "name": "Mosquito lamb", "slug": "mosquito-lamb", "tagline": null, "sku": null, "image": "product/d120ac5a-eb7a-45b6-8bd1-3d0dc52827f2.jpg", "sale_price": "50.00", "product_type": "MAIN", "category": 1, "summary": "moisquito lamb", "video": "", "description": "<p>Mosquito Lamp<br />360&deg; UV Purple Lightwave Attracts Files, Moths, Mosquitoes and Other Flying Insects.<br />Trapping Light Source Technology.<br />Powerful Electric Shock.<br />Small &amp; Portable Design, Strong Body.<br />Easy to Operate &amp; Clean.<br />Low Noise Operation.<br />High Mosquito Killing Rate &amp; Longer Life.<br />Strong Suction with 2400RPM Turbine.<br />Large Removable Mosquito Collection Tray Sole for Humans and Pets.</p>", "created": "2024-07-04T14:24:51Z", "updated": "2025-01-26T10:46:14.067Z", "is_trending": false, "enable_greeting_card": true, "enable_gift_wrapping": true, "enable_addons": true, "enable_message": true, "message_label": "Your Message", "enable_file_upload": false, "file_upload_label": "Upload File", "recipient": [], "occasion": [3], "emotion": []}}, {"model": "web.product", "pk": 46, "fields": {"creator": null, "is_active": true, "name": "For the baker in you", "slug": "for-the-baker-in-you", "tagline": null, "sku": null, "image": "product/82fd8b67-9d61-4558-88f2-711b737b0b4f.jpg", "sale_price": "60.00", "product_type": "MAIN", "category": 1, "summary": "Egg beater", "video": "", "description": "<p>Hand Mixer<br />160 Watts, 100% Copper Motor.<br />Steel Dough Hooks &amp; Beaters.<br />Turbo Function With Safety Device.<br />5 Speed Levels: The 5 speeds allow you to choose the speed that best suits the food you are preparing.<br />Beater Eject Lever: The mixer features a convenient beater eject lever which allows for easy release for the beaters.</p>", "created": "2024-07-04T14:35:06Z", "updated": "2025-01-26T10:46:14.075Z", "is_trending": false, "enable_greeting_card": true, "enable_gift_wrapping": true, "enable_addons": true, "enable_message": true, "message_label": "Your Message", "enable_file_upload": false, "file_upload_label": "Upload File", "recipient": [], "occasion": [3], "emotion": []}}, {"model": "web.product", "pk": 47, "fields": {"creator": null, "is_active": true, "name": "Popcorn maker", "slug": "popcorn-maker", "tagline": null, "sku": null, "image": "product/3bdc1157-5ded-4191-80be-e0996ae8a7b3.jpg", "sale_price": "60.00", "product_type": "MAIN", "category": 1, "summary": "", "video": "", "description": "<p>Food Grade Aluminum Alloy Heat Chamber.<br />On/Off Switch.<br />Oil Free Popcorn, Less Calories.<br />Easy &amp; Convenient to Use.<br />50-60 Grams Capacity.<br />3-5 Minutes Preparation.<br />Removable Transparent Cover.<br />Popcorn Made by Hot Air Circulation.<br />1200 Watts.<br />Accessory: Measuring Cup.</p>", "created": "2024-07-04T14:40:18Z", "updated": "2025-01-26T10:46:14.062Z", "is_trending": false, "enable_greeting_card": true, "enable_gift_wrapping": true, "enable_addons": true, "enable_message": true, "message_label": "Your Message", "enable_file_upload": false, "file_upload_label": "Upload File", "recipient": [], "occasion": [3, 7], "emotion": []}}, {"model": "web.product", "pk": 48, "fields": {"creator": null, "is_active": false, "name": "Coffee maker", "slug": "coffee-maker", "tagline": null, "sku": null, "image": "product/2c732e1f-d5c2-481f-b727-7e232106514f.jpg", "sale_price": "20.00", "product_type": "MAIN", "category": 1, "summary": "", "video": "", "description": "<p>Espresso Coffee Maker</p>\r\n<p>20 Bar High Pressure Pump.<br />1.6 Litre Transparent Water Tank.<br />Dual Stainless Steel Filter.<br />Detachable Frothing Nozzle.<br />1250-1470 Watts Power.<br />Quick Warmup, Safe and Reliable.<br />4 Button Control for Single Cup, Two Cups, Hot Water and Steam Function.<br />Durable Stainless Steel Tray for Preheating Coffee Cups.</p>", "created": "2024-07-04T14:45:48Z", "updated": "2025-01-26T10:46:14.080Z", "is_trending": false, "enable_greeting_card": true, "enable_gift_wrapping": true, "enable_addons": true, "enable_message": true, "message_label": "Your Message", "enable_file_upload": false, "file_upload_label": "Upload File", "recipient": [5], "occasion": [3, 7], "emotion": []}}, {"model": "web.product", "pk": 49, "fields": {"creator": null, "is_active": false, "name": "Coffee maker 2", "slug": "coffee-maker-2", "tagline": null, "sku": null, "image": "product/bc605fde-d8ff-4b2b-b6a1-afb5afd5bf61.jpg", "sale_price": "20.00", "product_type": "MAIN", "category": 1, "summary": "", "video": "", "description": "<p>Espresso Coffee Maker</p>\r\n<p>4 Cup Espresso Coffee Maker (240ml).<br />3.5 Bar Working Pressure for Rich Taste Coffee.<br />Frothing Function for Making Cappuccino.<br />Carafe with Water Level Gauge.<br />Removable &amp; Washable Drip Tray for Easy Cleaning.<br />Single Knob for Function Transform and On/Off.<br />Indicator Light, Stainless Steel Filter.<br />Aluminium-alloy Filter Holder.<br />Stainless Steel Decorationv 800 Watts Power.</p>", "created": "2024-07-04T14:51:34Z", "updated": "2025-01-26T10:46:14.080Z", "is_trending": false, "enable_greeting_card": true, "enable_gift_wrapping": true, "enable_addons": true, "enable_message": true, "message_label": "Your Message", "enable_file_upload": false, "file_upload_label": "Upload File", "recipient": [5], "occasion": [3, 7], "emotion": []}}, {"model": "web.product", "pk": 50, "fields": {"creator": null, "is_active": false, "name": "Digital Air fryer", "slug": "digital-air-fryer", "tagline": null, "sku": null, "image": "product/5f1e3e02-a439-41f3-a5d5-c6f8e55ed175.jpg", "sale_price": "20.00", "product_type": "MAIN", "category": 1, "summary": "", "video": "", "description": "<p>Digital Air Fryer</p>\r\n<p>360&ordm; Hot Air Circulation Technology Cuts out Greasy Oil.<br />Healthy Cooking With Less or Without Oil.<br />Adjustable Temperature Control 80-200&ordm;C.<br />Adjustable Timer from 0 to 30 Minutes.<br />#304 SUS Stainless Steel Heating Element.<br />Capacity 4 Litre, LED Display Display.<br />Fry / Bake / Grill &amp; Roast Functions.<br />Sleek, Elegant &amp; Durable Body Material.<br />Auto Shut-off Timer, Easy Grip Handle, Non-stick Detachable Oil Tray, Easy to Clean &amp; Use, Accessories: Non-Stick Oil Tray.</p>", "created": "2024-07-04T14:57:15Z", "updated": "2025-01-26T10:46:14.078Z", "is_trending": false, "enable_greeting_card": true, "enable_gift_wrapping": true, "enable_addons": true, "enable_message": true, "message_label": "Your Message", "enable_file_upload": false, "file_upload_label": "Upload File", "recipient": [5, 3], "occasion": [3, 7], "emotion": []}}, {"model": "web.product", "pk": 51, "fields": {"creator": null, "is_active": false, "name": "Digital Air fryer 2", "slug": "digital-air-fryer-2", "tagline": null, "sku": null, "image": "product/d42ce733-a247-4de2-89e5-d6886c7bf1c9.jpg", "sale_price": "160.00", "product_type": "MAIN", "category": 1, "summary": "", "video": "", "description": "<p>Digital Air Fryer</p>\r\n<p>Healthy Cooking with Less or Without Oil.<br />360&deg; Hot Air Circulation Technology.<br />Adjustable Temperature From 80&deg; to 200&deg;C.<br />Adjustable Timer from 0 to 60 Minutes.<br />SUS #304 Stainless Steel Heating Element.<br />Durable &amp; Cool-touch handle.<br />Powerful 1200Watts.<br />Double Protection circuits.<br />Over-heat protection, Non-slip feet.<br />Micro switch control to monitor the food any time safely.<br />Accessories: Fry Pot and rack, Dishwasher Safe..</p>", "created": "2024-07-04T15:05:26Z", "updated": "2025-01-26T10:46:14.078Z", "is_trending": false, "enable_greeting_card": true, "enable_gift_wrapping": true, "enable_addons": true, "enable_message": true, "message_label": "Your Message", "enable_file_upload": false, "file_upload_label": "Upload File", "recipient": [3], "occasion": [3], "emotion": []}}, {"model": "web.product", "pk": 52, "fields": {"creator": null, "is_active": false, "name": "Garment steamer", "slug": "garment-steamer", "tagline": null, "sku": null, "image": "product/68e22f0b-3185-48ed-8e84-4a13090655e4.jpg", "sale_price": "20.00", "product_type": "MAIN", "category": 1, "summary": "", "video": "", "description": "<p>Garment Steamer</p>\r\n<p>4 ways &nbsp;of ironing: vertical ironing, flat press ironing, steam press, and dry press<br />Tuning &nbsp;knob steam control, plumbing flow regulator PCB provides various steam<br />Heating &nbsp;element su=eparated from the soleplate, reheating device makes-<br />Double automatization persistently, optical water level indicator device<br />Integrated foldable ironing board, double pole stability<br />Built-in caution water softening filter, self-cleaning maintenance<br />Dual overheating protection, steam temperature 100-180&deg;C<br />Power dump &amp; alarm when water runs out or overheating, 1100-1300Watts<br />Thermostatic soleplate with ceramic coating 130-150&deg;C,220-240 50/60Hz<br />Continually various steam output: 10-35/min, burst steam output 60g/min<br />Maxi steam pressure: 1.5 bar, removable water tank 1.6L, accessory: fabric brush.</p>", "created": "2024-07-04T15:10:17Z", "updated": "2025-01-26T10:46:14.074Z", "is_trending": false, "enable_greeting_card": true, "enable_gift_wrapping": true, "enable_addons": true, "enable_message": true, "message_label": "Your Message", "enable_file_upload": false, "file_upload_label": "Upload File", "recipient": [], "occasion": [3], "emotion": []}}, {"model": "web.product", "pk": 53, "fields": {"creator": null, "is_active": false, "name": "Garment steamer pink", "slug": "garment-steamer-pink", "tagline": null, "sku": null, "image": "product/ee6c154d-bec4-4e9a-89b0-47c9ae4ed548.jpg", "sale_price": "20.00", "product_type": "MAIN", "category": 1, "summary": "", "video": "", "description": "<p>Garment Steamer</p>\r\n<p>4 ways &nbsp;of ironing: vertical ironing, flat press ironing, steam press, and dry press<br />Tuning &nbsp;knob steam control, plumbing flow regulator PCB provides various steam<br />Heating &nbsp;element su=eparated from the soleplate, reheating device makes-<br />Double automatization persistently, optical water level indicator device<br />Integrated foldable ironing board, double pole stability<br />Built-in caution water softening filter, self-cleaning maintenance<br />Dual overheating protection, steam temperature 100-180&deg;C<br />Power dump &amp; alarm when water runs out or overheating, 1100-1300Watts<br />Thermostatic soleplate with ceramic coating 130-150&deg;C,220-240 50/60Hz<br />Continually various steam output: 10-35/min, burst steam output 60g/min<br />Maxi steam pressure: 1.5 bar, removable water tank 1.6L, accessory: fabric brush.</p>", "created": "2024-07-04T15:13:37Z", "updated": "2025-01-26T10:46:14.073Z", "is_trending": false, "enable_greeting_card": true, "enable_gift_wrapping": true, "enable_addons": true, "enable_message": true, "message_label": "Your Message", "enable_file_upload": false, "file_upload_label": "Upload File", "recipient": [3], "occasion": [3, 7], "emotion": []}}, {"model": "web.product", "pk": 54, "fields": {"creator": null, "is_active": true, "name": "Break fast maker", "slug": "break-fast-maker", "tagline": null, "sku": null, "image": "product/331fe397-4466-4731-b874-1f458ef6e9e6.jpg", "sale_price": "180.00", "product_type": "MAIN", "category": 1, "summary": "", "video": "", "description": "<p>3 in 1 Breakfast Maker</p>\r\n<p>Multifunctional: Broil, Roast, Bake, Grill, Fry &amp; Make Coffee.<br />9 Liter Capacity Oven.<br />Frying Pan with Glass lid.<br />4 cups Coffee Maker.<br />2pcs Quartz Heating Tubes.<br />Temperature Control up to 230&deg;C.<br />30 Minutes Timer with Cook End Alert.<br />Indicator Light, 1250Watts Power.<br />Accessories: Bake Tray, Bake Rack, Frying Pan, Glass Lid, Coffee Pot &amp; Filter.</p>", "created": "2024-07-04T15:18:31Z", "updated": "2025-01-26T10:46:14.087Z", "is_trending": false, "enable_greeting_card": false, "enable_gift_wrapping": false, "enable_addons": false, "enable_message": false, "message_label": "Your Message", "enable_file_upload": false, "file_upload_label": "Upload File", "recipient": [], "occasion": [3], "emotion": []}}, {"model": "web.product", "pk": 55, "fields": {"creator": null, "is_active": true, "name": "Break fast maker 2", "slug": "break-fast-maker-2", "tagline": null, "sku": null, "image": "product/25c750c8-33be-43a4-b1bd-848dd7b5bc0a.jpg", "sale_price": "250.00", "product_type": "MAIN", "category": 1, "summary": "", "video": "", "description": "<p>Breakfast Maker</p>\r\n<p>Bagel, Defrost, Reheat &amp; Cancel Function.<br />2 Slice Toaster, 7 Browning Setting.<br />Multi-Function: Bake, Heat, Defrost, Barbecue, Boil &amp; Fry Egg.<br />Crumb Tray for Easy Cleaning.<br />10 Unit Capacity Egg Rack.<br />2pcs Omelette &amp; Egg Poacher Tray.<br />Transparent Lid, Simultaneously Cooking.<br />1400 Watts Power.</p>", "created": "2024-07-04T15:45:41Z", "updated": "2025-01-26T10:46:14.087Z", "is_trending": false, "enable_greeting_card": true, "enable_gift_wrapping": true, "enable_addons": true, "enable_message": true, "message_label": "Your Message", "enable_file_upload": false, "file_upload_label": "Upload File", "recipient": [], "occasion": [3], "emotion": []}}, {"model": "web.product", "pk": 56, "fields": {"creator": null, "is_active": true, "name": "White roses in ceramic pot", "slug": "white-roses-in-ceramic-pot", "tagline": null, "sku": null, "image": "product/6c7e87c1-eede-438c-9bce-a5b1a7388f24.jpg", "sale_price": "200.00", "product_type": "MAIN", "category": 2, "summary": "", "video": "", "description": "<p>24 White roses in a ceramic pot.</p>", "created": "2024-07-06T08:49:03Z", "updated": "2025-01-26T10:46:14.051Z", "is_trending": false, "enable_greeting_card": true, "enable_gift_wrapping": false, "enable_addons": true, "enable_message": true, "message_label": "Your Message", "enable_file_upload": false, "file_upload_label": "Upload File", "recipient": [3], "occasion": [2, 7], "emotion": []}}, {"model": "web.product", "pk": 57, "fields": {"creator": null, "is_active": true, "name": "Yellow roses", "slug": "yellow-roses", "tagline": null, "sku": null, "image": "product/131be76d-440f-43ca-816a-1a6d358db7ba.jpg", "sale_price": "200.00", "product_type": "MAIN", "category": 2, "summary": "", "video": "", "description": "<p>25 yellow roses in a ceramic pot</p>", "created": "2024-07-06T08:59:10Z", "updated": "2025-01-26T10:46:14.049Z", "is_trending": false, "enable_greeting_card": true, "enable_gift_wrapping": false, "enable_addons": true, "enable_message": true, "message_label": "Your Message", "enable_file_upload": false, "file_upload_label": "Upload File", "recipient": [5, 3], "occasion": [7], "emotion": []}}, {"model": "web.product", "pk": 58, "fields": {"creator": null, "is_active": true, "name": "Purple Tulip Bouquet", "slug": "purple-tulip-bouquet", "tagline": null, "sku": null, "image": "product/4b28dbcf-be14-4d82-8697-9d90ba863049.jpg", "sale_price": "320.00", "product_type": "MAIN", "category": 2, "summary": "", "video": "", "description": "<p>31 Purple Tulip bouquet</p>", "created": "2024-07-06T09:03:16Z", "updated": "2025-01-26T10:46:14.061Z", "is_trending": false, "enable_greeting_card": true, "enable_gift_wrapping": false, "enable_addons": true, "enable_message": true, "message_label": "Your Message", "enable_file_upload": false, "file_upload_label": "Upload File", "recipient": [5, 2, 1], "occasion": [2, 3, 7], "emotion": []}}, {"model": "web.product", "pk": 59, "fields": {"creator": null, "is_active": true, "name": "white crysanthemoms", "slug": "white-crysanthemoms", "tagline": null, "sku": null, "image": "product/83220e18-ecce-47cb-9e18-52ddfc3a1de5.jpg", "sale_price": "130.00", "product_type": "MAIN", "category": 2, "summary": "", "video": "", "description": "<p>9 white crysanthemoms</p>", "created": "2024-07-06T09:17:47Z", "updated": "2025-01-26T10:46:14.047Z", "is_trending": false, "enable_greeting_card": true, "enable_gift_wrapping": false, "enable_addons": true, "enable_message": true, "message_label": "Your Message", "enable_file_upload": false, "file_upload_label": "Upload File", "recipient": [5, 3, 6], "occasion": [], "emotion": []}}, {"model": "web.product", "pk": 60, "fields": {"creator": null, "is_active": true, "name": "pink hydrengia", "slug": "pink-hydrengia", "tagline": null, "sku": null, "image": "product/4383a30f-0fab-4a93-ac25-0cbe71bc99cc.webp", "sale_price": "260.00", "product_type": "MAIN", "category": 2, "summary": "", "video": "", "description": "<p>7 pink hyedrengia&nbsp;</p>", "created": "2024-07-06T09:19:44Z", "updated": "2025-01-26T10:46:14.048Z", "is_trending": false, "enable_greeting_card": true, "enable_gift_wrapping": false, "enable_addons": true, "enable_message": true, "message_label": "Your Message", "enable_file_upload": false, "file_upload_label": "Upload File", "recipient": [5, 3, 6], "occasion": [], "emotion": []}}, {"model": "web.product", "pk": 61, "fields": {"creator": null, "is_active": true, "name": "Madeline magic", "slug": "madeline-magic", "tagline": null, "sku": null, "image": "product/ec698959-f6b1-4bd1-ba05-4d4581d2ab8e.webp", "sale_price": "330.00", "product_type": "MAIN", "category": 2, "summary": "", "video": "", "description": "<ul>\r\n<li>O,Hara rose 21&nbsp;</li>\r\n<li>Tanacetum 6</li>\r\n</ul>", "created": "2024-07-06T09:30:37Z", "updated": "2025-01-26T10:46:14.068Z", "is_trending": false, "enable_greeting_card": true, "enable_gift_wrapping": false, "enable_addons": true, "enable_message": true, "message_label": "Your Message", "enable_file_upload": false, "file_upload_label": "Upload File", "recipient": [5, 2, 1, 3], "occasion": [2, 3, 7], "emotion": []}}, {"model": "web.product", "pk": 62, "fields": {"creator": null, "is_active": true, "name": "Pink carnation Bouquet", "slug": "pink-carnation-bouquet", "tagline": null, "sku": null, "image": "product/a827ef9f-32c9-45a3-93df-365a392dc5ec.jpg", "sale_price": "99.00", "product_type": "MAIN", "category": 2, "summary": "", "video": "", "description": "<p>10 pink carnation, pink lemonium and Ruscus with pink wrapping paper.</p>", "created": "2024-07-06T09:38:27Z", "updated": "2025-01-26T10:46:14.063Z", "is_trending": false, "enable_greeting_card": true, "enable_gift_wrapping": false, "enable_addons": true, "enable_message": true, "message_label": "Your Message", "enable_file_upload": false, "file_upload_label": "Upload File", "recipient": [5, 2, 6], "occasion": [2, 7], "emotion": []}}, {"model": "web.product", "pk": 63, "fields": {"creator": null, "is_active": true, "name": "Purple Carnation bouquet", "slug": "purple-carnation-bouquet", "tagline": null, "sku": null, "image": "product/44b476d6-3344-48cf-ac83-0f4fb98d02e8.jpg", "sale_price": "99.00", "product_type": "MAIN", "category": 2, "summary": "", "video": "", "description": "<p>10 Purple carnation with gypsophila black and silver wrapping with ribbon</p>", "created": "2024-07-06T09:45:41Z", "updated": "2025-01-26T10:46:14.062Z", "is_trending": false, "enable_greeting_card": true, "enable_gift_wrapping": false, "enable_addons": true, "enable_message": true, "message_label": "Your Message", "enable_file_upload": false, "file_upload_label": "Upload File", "recipient": [5, 3], "occasion": [2, 3, 7], "emotion": []}}, {"model": "web.product", "pk": 64, "fields": {"creator": null, "is_active": true, "name": "White Tulips", "slug": "white-tulips", "tagline": null, "sku": null, "image": "product/2dfa2ceb-4414-4e60-ad79-5089b8f403a8.jpg", "sale_price": "230.00", "product_type": "MAIN", "category": 2, "summary": "", "video": "", "description": "<p>20 Whie tulips in a cylinder vase</p>", "created": "2024-07-06T09:50:18Z", "updated": "2025-01-26T10:46:14.054Z", "is_trending": false, "enable_greeting_card": true, "enable_gift_wrapping": false, "enable_addons": true, "enable_message": true, "message_label": "Your Message", "enable_file_upload": false, "file_upload_label": "Upload File", "recipient": [5, 3], "occasion": [2, 7], "emotion": []}}, {"model": "web.product", "pk": 65, "fields": {"creator": null, "is_active": true, "name": "White Tulips Bouquet", "slug": "white-tulips-bouquet", "tagline": null, "sku": null, "image": "product/ed7568d4-fba7-4672-a9dd-9136694188d6.jpg", "sale_price": "220.00", "product_type": "MAIN", "category": 2, "summary": "", "video": "", "description": "<p>23 White tulips with white wrapping.</p>", "created": "2024-07-06T09:59:53Z", "updated": "2025-01-26T10:46:14.053Z", "is_trending": false, "enable_greeting_card": true, "enable_gift_wrapping": false, "enable_addons": true, "enable_message": true, "message_label": "Your Message", "enable_file_upload": false, "file_upload_label": "Upload File", "recipient": [2, 3], "occasion": [2, 7], "emotion": []}}, {"model": "web.product", "pk": 66, "fields": {"creator": null, "is_active": true, "name": "Yellow tulips", "slug": "yellow-tulips", "tagline": null, "sku": null, "image": "product/5e5bf8ef-6761-43f7-8fa0-418b364817cd.jpg", "sale_price": "150.00", "product_type": "MAIN", "category": 2, "summary": "", "video": "", "description": "<p>10 yellow tuips in a Glass Vase</p>", "created": "2024-07-06T10:04:44Z", "updated": "2025-01-26T10:46:14.048Z", "is_trending": false, "enable_greeting_card": true, "enable_gift_wrapping": false, "enable_addons": true, "enable_message": true, "message_label": "Your Message", "enable_file_upload": false, "file_upload_label": "Upload File", "recipient": [5, 3], "occasion": [2, 7], "emotion": []}}, {"model": "web.product", "pk": 67, "fields": {"creator": null, "is_active": true, "name": "Blue beauty", "slug": "blue-beauty", "tagline": null, "sku": null, "image": "product/b162ae16-4a20-466a-9925-530cabcc41da.webp", "sale_price": "600.00", "product_type": "MAIN", "category": 2, "summary": "", "video": "", "description": "<p>Blue Iris 65 pcs with white wrapping</p>", "created": "2024-07-06T10:12:17Z", "updated": "2025-01-26T10:46:14.088Z", "is_trending": false, "enable_greeting_card": true, "enable_gift_wrapping": false, "enable_addons": true, "enable_message": true, "message_label": "Your Message", "enable_file_upload": false, "file_upload_label": "Upload File", "recipient": [2, 1], "occasion": [1, 2], "emotion": []}}, {"model": "web.product", "pk": 68, "fields": {"creator": null, "is_active": true, "name": "Baby Boy hamber 2", "slug": "baby-boy-hamber-2", "tagline": null, "sku": null, "image": "product/d7bfedc4-89d6-4ff9-905a-f6ca06005e0d.jpg", "sale_price": "200.00", "product_type": "MAIN", "category": 7, "summary": "", "video": "", "description": "<p>A Pair of baby boy dress</p>\r\n<p>A Baby blanket</p>\r\n<p>Baby milestone cards</p>\r\n<p>Baby and family photo&nbsp; album</p>\r\n<p>1 soft to toy</p>\r\n<p>A wooden crate</p>", "created": "2024-07-06T14:05:22Z", "updated": "2025-01-26T10:46:14.090Z", "is_trending": false, "enable_greeting_card": true, "enable_gift_wrapping": true, "enable_addons": true, "enable_message": false, "message_label": "Your Message", "enable_file_upload": false, "file_upload_label": "Upload File", "recipient": [3], "occasion": [5], "emotion": []}}, {"model": "web.product", "pk": 69, "fields": {"creator": null, "is_active": false, "name": "Dark brownie", "slug": "dark-brownie", "tagline": null, "sku": null, "image": "product/9f2ebc33-d3ec-45c0-b6e1-d5ac1e8c37f2.jpg", "sale_price": "54.00", "product_type": "MAIN", "category": 15, "summary": "", "video": "", "description": "<p>Freshly baked 4 pcs of brownie topped with walnuts</p>", "created": "2024-07-06T14:20:57Z", "updated": "2025-01-26T10:46:14.079Z", "is_trending": false, "enable_greeting_card": true, "enable_gift_wrapping": false, "enable_addons": true, "enable_message": true, "message_label": "Your Message", "enable_file_upload": false, "file_upload_label": "Upload File", "recipient": [5, 3, 6], "occasion": [2, 3], "emotion": []}}, {"model": "web.product", "pk": 70, "fields": {"creator": null, "is_active": true, "name": "Mr home", "slug": "mr-home", "tagline": null, "sku": null, "image": "product/b3882b0e-2c3d-4615-ae89-edf7b3242a24.jpg", "sale_price": "220.00", "product_type": "MAIN", "category": 10, "summary": "Mr home ia a unique collection of housewarming hamper designed to create a warm and welcoming home atmosphere.", "video": "", "description": "<ul>\r\n<li>1 ceramic plate</li>\r\n<li>2 ceramic mugs</li>\r\n<li>1 scended candle</li>\r\n<li>1 ladybug decor artificial potted lavender</li>\r\n<li>1 shelf design wall hanging&nbsp;</li>\r\n<li>1 black &amp; white home shaped wall mounted hook</li>\r\n<li>2pcs ( wooden spoon and fork )</li>\r\n<li>1 sacculent plant with pot</li>\r\n<li>Decorated in a wooden crate&nbsp;</li>\r\n<li>2 pcs small kitchen cloths</li>\r\n</ul>", "created": "2024-07-06T14:43:35Z", "updated": "2025-01-26T10:46:14.065Z", "is_trending": false, "enable_greeting_card": true, "enable_gift_wrapping": true, "enable_addons": true, "enable_message": true, "message_label": "Your Message", "enable_file_upload": false, "file_upload_label": "Upload File", "recipient": [], "occasion": [3], "emotion": []}}, {"model": "web.product", "pk": 71, "fields": {"creator": null, "is_active": true, "name": "CO-Hamper set1", "slug": "co-hamper-set1", "tagline": null, "sku": null, "image": "product/96e51b37-007a-4d82-9f65-74b9c8c43728.jpg", "sale_price": "110.00", "product_type": "MAIN", "category": 11, "summary": "", "video": "", "description": "<ul>\r\n<li>Tritan water bottle with stainless steel screw-on cap &amp;base</li>\r\n<li>High quality A5 notebook with elastic enclosure and pen holder.</li>\r\n<li>High quality slim metal pen.</li>\r\n</ul>\r\n<p>&nbsp;</p>\r\n<p>(The&nbsp; price can be changed depends on the quantity of the hamper )</p>", "created": "2024-09-30T07:42:21Z", "updated": "2025-01-26T10:46:14.083Z", "is_trending": false, "enable_greeting_card": false, "enable_gift_wrapping": false, "enable_addons": false, "enable_message": false, "message_label": "Your Message", "enable_file_upload": false, "file_upload_label": "Upload File", "recipient": [], "occasion": [], "emotion": []}}, {"model": "web.product", "pk": 72, "fields": {"creator": null, "is_active": true, "name": "CO-Hamper set 2", "slug": "co-hamper-set-2", "tagline": null, "sku": null, "image": "product/8a49e247-60b4-490b-875a-0b3ac881cb5b.jpg", "sale_price": "120.00", "product_type": "MAIN", "category": 11, "summary": "", "video": "", "description": "<ul>\r\n<li>Eco friendly cork notebook.</li>\r\n<li>Eco friendly pen.</li>\r\n<li>Glass bottle with wooden cap.</li>\r\n</ul>\r\n<p>&nbsp;</p>\r\n<p>&nbsp;( The price can be changed depends on the quantity of the hamper )</p>", "created": "2024-09-30T08:04:44Z", "updated": "2025-01-26T10:46:14.085Z", "is_trending": true, "enable_greeting_card": false, "enable_gift_wrapping": false, "enable_addons": false, "enable_message": false, "message_label": "Your Message", "enable_file_upload": false, "file_upload_label": "Upload File", "recipient": [], "occasion": [], "emotion": []}}, {"model": "web.product", "pk": 73, "fields": {"creator": null, "is_active": true, "name": "CO-Hamper set 3", "slug": "co-hamper-set-3", "tagline": null, "sku": null, "image": "product/227527ab-b5c5-41f0-b1dd-cbff79052ad1.jpg", "sale_price": "110.00", "product_type": "MAIN", "category": 11, "summary": "", "video": "", "description": "<ul>\r\n<li>Tritan water bottle with stainless steel screw-on cap &amp;base</li>\r\n<li>High quality soft PU leather notebook</li>\r\n<li>Premium pen with stylus</li>\r\n</ul>\r\n<p>(The price can be changed depends on the quantity of the hamper )</p>", "created": "2024-09-30T08:09:16Z", "updated": "2025-01-26T10:46:14.084Z", "is_trending": false, "enable_greeting_card": false, "enable_gift_wrapping": false, "enable_addons": false, "enable_message": false, "message_label": "Your Message", "enable_file_upload": false, "file_upload_label": "Upload File", "recipient": [], "occasion": [], "emotion": []}}, {"model": "web.product", "pk": 74, "fields": {"creator": null, "is_active": true, "name": "CO-Hamper set 4", "slug": "co-hamper-set-4", "tagline": null, "sku": null, "image": "product/70407dc1-23b6-49c2-adab-60c79b90216a.jpg", "sale_price": "120.00", "product_type": "MAIN", "category": 11, "summary": "", "video": "", "description": "<ul>\r\n<li>Double wall vaccum thermal bottle.</li>\r\n<li>High quality soft PU leather notebook.</li>\r\n<li>premium pen with stylus.</li>\r\n</ul>\r\n<p>(The price can be changed depends on the quantity of the hamper )</p>", "created": "2024-09-30T08:18:42Z", "updated": "2025-01-26T10:46:14.083Z", "is_trending": false, "enable_greeting_card": false, "enable_gift_wrapping": false, "enable_addons": false, "enable_message": false, "message_label": "Your Message", "enable_file_upload": false, "file_upload_label": "Upload File", "recipient": [], "occasion": [], "emotion": []}}, {"model": "web.product", "pk": 75, "fields": {"creator": null, "is_active": false, "name": "CO-Hamper 5", "slug": "co-hamper-5", "tagline": null, "sku": null, "image": "product/421218f2-bfa0-4201-a138-13318a454064.jpg", "sale_price": "150.00", "product_type": "MAIN", "category": 11, "summary": "", "video": "", "description": "<ul>\r\n<li>Wooden flash drive</li>\r\n<li>Metal pen with stylus.1</li>\r\n<li>Wooden charging cables keyring with phone stand.</li>\r\n<li>8000mah wooden wireless power bank.</li>\r\n</ul>\r\n<p>(The price can be changed depends on the quantity of the hamper )</p>", "created": "2024-09-30T08:28:13Z", "updated": "2025-01-26T10:46:14.086Z", "is_trending": false, "enable_greeting_card": false, "enable_gift_wrapping": false, "enable_addons": false, "enable_message": false, "message_label": "Your Message", "enable_file_upload": false, "file_upload_label": "Upload File", "recipient": [], "occasion": [], "emotion": []}}, {"model": "web.product", "pk": 76, "fields": {"creator": null, "is_active": false, "name": "CO-Hamper 6", "slug": "co-hamper-6", "tagline": null, "sku": null, "image": "product/ae5c408e-e7a5-40ff-816c-4e78691f9209.jpg", "sale_price": "100.00", "product_type": "MAIN", "category": 11, "summary": "", "video": "", "description": "<ul>\r\n<li>Metalic pen &amp; keychain.</li>\r\n<li>business card holder.</li>\r\n</ul>\r\n<p>(The price can be changed depends on the quantity of the hamper )</p>\r\n<p>&nbsp;</p>", "created": "2024-09-30T08:37:07Z", "updated": "2025-01-26T10:46:14.085Z", "is_trending": false, "enable_greeting_card": false, "enable_gift_wrapping": false, "enable_addons": false, "enable_message": false, "message_label": "Your Message", "enable_file_upload": false, "file_upload_label": "Upload File", "recipient": [], "occasion": [], "emotion": []}}, {"model": "web.testimonial", "pk": 3, "fields": {"created": "2024-09-18T13:43:10.422Z", "updated": "2024-09-18T13:43:10.422Z", "creator": null, "is_active": true, "name": "Renna Noushad", "image": "testimonial/IMG_9525.jpeg"}}, {"model": "web.testimonial", "pk": 4, "fields": {"created": "2024-09-18T13:43:42.632Z", "updated": "2024-09-18T13:43:42.632Z", "creator": null, "is_active": true, "name": "Shemy", "image": "testimonial/IMG_9526.jpeg"}}, {"model": "web.testimonial", "pk": 5, "fields": {"created": "2024-09-18T13:47:52.491Z", "updated": "2024-09-18T13:47:52.491Z", "creator": null, "is_active": true, "name": "Sumaiya", "image": "testimonial/IMG_9528.jpeg"}}, {"model": "web.testimonial", "pk": 6, "fields": {"created": "2024-09-18T13:48:15.035Z", "updated": "2024-09-18T13:48:15.035Z", "creator": null, "is_active": true, "name": "Shruthi", "image": "testimonial/IMG_9530.jpeg"}}, {"model": "web.testimonial", "pk": 7, "fields": {"created": "2024-09-18T13:49:28.436Z", "updated": "2024-09-18T13:49:28.436Z", "creator": null, "is_active": true, "name": "Fathima", "image": "testimonial/IMG_9531.jpeg"}}, {"model": "web.testimonial", "pk": 8, "fields": {"created": "2024-09-18T13:49:41.222Z", "updated": "2024-09-18T13:49:41.222Z", "creator": null, "is_active": true, "name": "Afrah", "image": "testimonial/IMG_9532.jpeg"}}, {"model": "web.testimonial", "pk": 9, "fields": {"created": "2024-09-18T13:49:55.645Z", "updated": "2024-09-18T13:49:55.645Z", "creator": null, "is_active": true, "name": "Najia", "image": "testimonial/IMG_9533.jpeg"}}, {"model": "web.testimonial", "pk": 10, "fields": {"created": "2024-09-18T13:50:09.718Z", "updated": "2024-09-18T13:50:09.718Z", "creator": null, "is_active": true, "name": "Saba", "image": "testimonial/IMG_9534.jpeg"}}, {"model": "web.testimonial", "pk": 11, "fields": {"created": "2024-09-18T13:51:33.962Z", "updated": "2024-09-18T13:51:33.962Z", "creator": null, "is_active": true, "name": "Maisie Rose Sunil", "image": "testimonial/IMG_9535.jpeg"}}, {"model": "web.testimonial", "pk": 12, "fields": {"created": "2024-09-18T13:51:49.341Z", "updated": "2024-09-18T13:51:49.341Z", "creator": null, "is_active": true, "name": "Fatema Lokhandwala", "image": "testimonial/IMG_9536.jpeg"}}, {"model": "web.testimonial", "pk": 13, "fields": {"created": "2024-09-18T13:52:09.418Z", "updated": "2024-09-18T13:52:09.418Z", "creator": null, "is_active": true, "name": "Remya Jayashankar", "image": "testimonial/IMG_9537.jpeg"}}, {"model": "web.testimonial", "pk": 14, "fields": {"created": "2024-09-18T13:52:33.899Z", "updated": "2024-09-18T13:52:33.899Z", "creator": null, "is_active": true, "name": "Nazal Noushad", "image": "testimonial/IMG_9538.jpeg"}}, {"model": "web.testimonial", "pk": 15, "fields": {"created": "2024-09-18T13:54:16.478Z", "updated": "2024-09-18T13:54:16.478Z", "creator": null, "is_active": true, "name": "Shaziya khan", "image": "testimonial/IMG_9548.jpeg"}}, {"model": "web.testimonial", "pk": 16, "fields": {"created": "2024-09-18T13:54:31.388Z", "updated": "2024-09-18T13:54:31.388Z", "creator": null, "is_active": true, "name": "Aileen", "image": "testimonial/IMG_9549.jpeg"}}, {"model": "web.testimonial", "pk": 17, "fields": {"created": "2024-09-18T13:54:51.504Z", "updated": "2024-09-18T13:54:51.504Z", "creator": null, "is_active": true, "name": "Catherine", "image": "testimonial/IMG_9550.jpeg"}}, {"model": "web.testimonial", "pk": 19, "fields": {"created": "2024-09-18T13:55:30.421Z", "updated": "2024-09-18T13:55:30.421Z", "creator": null, "is_active": true, "name": "Farsana Raees", "image": "testimonial/IMG_9545_tA9b6Ew.jpeg"}}, {"model": "web.information", "pk": 1, "fields": {"created": "2024-06-06T12:05:04.935Z", "updated": "2024-06-10T13:54:05.015Z", "creator": null, "is_active": true, "product": 15, "title": "I love you ring box", "description": "Ring box ( customer's choice ) Gypsum flowers 10 pink Ecuador roses I love you hard cover box (46x20x7cm)  (Prices can vary depending on customer's choice of ring)"}}, {"model": "web.information", "pk": 2, "fields": {"created": "2024-06-10T12:32:37.901Z", "updated": "2024-06-10T12:32:37.901Z", "creator": null, "is_active": true, "product": 23, "title": "White Pearl Engagement hamper", "description": "Product details:  . Perfume set  . Roses floral arrangement  . Rectangle shape Forex Tray 25x35cm  (Price can vary depending on customers choice of perfume)"}}, {"model": "web.information", "pk": 3, "fields": {"created": "2024-06-10T14:22:49.926Z", "updated": "2024-06-10T14:22:49.926Z", "creator": null, "is_active": true, "product": 16, "title": "Men's Gift Basket", "description": "1 pair of men's shoe ( customer's choice) 1 pair of casual shirt ( customer's choice) 13 white Chrysanthemum Gypsum 10 yellow Chrysanthemum yellow filler flowers 4 yellow Ecaudor Roses 3 Ferrero rocher chocolates Customised voice note scan message w"}}, {"model": "web.information", "pk": 4, "fields": {"created": "2024-06-10T14:42:01.819Z", "updated": "2024-06-10T14:42:01.819Z", "creator": null, "is_active": true, "product": 18, "title": "Cage hamper for her", "description": "A gift of customer's choice Golden Acrylic cage Gypsum flowers Decorated with blue net  Prices can vary depending on customer's choice of gifts selected"}}, {"model": "web.information", "pk": 5, "fields": {"created": "2024-06-10T14:55:03.330Z", "updated": "2024-06-10T14:55:03.330Z", "creator": null, "is_active": true, "product": 19, "title": "The Royal blue", "description": "Customer's choice of gift Acrylic square box (22cmx22cmx22cm) Decorated with satin blue cloth Floral arrangement"}}, {"model": "web.information", "pk": 6, "fields": {"created": "2024-06-10T15:32:58.801Z", "updated": "2024-06-10T15:32:58.802Z", "creator": null, "is_active": true, "product": 26, "title": "Lavender Woods box", "description": "Jaimacan Black Castor oil moisture mask 400 ml Customised Photo Frame 8 Lavender Crysanthemum 2 Yellow Billy Ball Mixed dries plants Green Crysanthemum Wooden Crate (32cmx22cmx12cm)"}}, {"model": "web.information", "pk": 7, "fields": {"created": "2024-06-10T16:42:01.795Z", "updated": "2024-06-10T16:42:01.795Z", "creator": null, "is_active": true, "product": 27, "title": "Eco-friendly Sustainable Hamper", "description": "Eco-friendly tumbler with silicon lid 385ml Eco-friendly water bottle 500ml A5 Hard Cover notebook & pen Jute Tote Bag Succulent plant Wooden crate (32cmx22cmx12cm)"}}, {"model": "web.information", "pk": 8, "fields": {"created": "2024-06-11T12:05:18.325Z", "updated": "2024-06-11T12:05:18.325Z", "creator": null, "is_active": true, "product": 28, "title": "Hamper of Desire", "description": "Hard cover black box 8 RedRoses 7 Baby Roses 7 Carnation Bath & Body Body cream 70g Bath & Body Shower gel 88ml Bateel premium Dates"}}, {"model": "web.information", "pk": 9, "fields": {"created": "2024-06-11T13:47:14.799Z", "updated": "2024-06-11T13:47:14.799Z", "creator": null, "is_active": true, "product": 30, "title": "Love you hamper", "description": "6 Red Roses Gypsum flowers Hard cover love golden box"}}, {"model": "web.information", "pk": 10, "fields": {"created": "2024-06-11T14:13:01.978Z", "updated": "2024-06-11T14:13:01.978Z", "creator": null, "is_active": true, "product": 31, "title": "Flower basket", "description": "3 Pink Gerbera flowers 1 white gerbera flower 1 lavender crysanthemum 4 pink Roses 2 small peonies Gypsum flowers 1 Flower basket"}}, {"model": "web.information", "pk": 11, "fields": {"created": "2024-06-11T15:09:55.684Z", "updated": "2024-06-11T15:09:55.684Z", "creator": null, "is_active": true, "product": 32, "title": "Watch me out", "description": "7 Pink Roses gypsum flowers acrylic box"}}, {"model": "web.information", "pk": 12, "fields": {"created": "2024-06-11T15:34:46.282Z", "updated": "2024-06-11T15:34:46.282Z", "creator": null, "is_active": true, "product": 34, "title": "Win my heart", "description": "Pink Heart rose  1 Pink Rose Heart shaped Rose holder  Black Heart Rose  1 Red color Rose Heart shaaped Rose holder"}}, {"model": "web.information", "pk": 13, "fields": {"created": "2024-06-11T16:16:29.876Z", "updated": "2024-06-11T16:16:29.876Z", "creator": null, "is_active": true, "product": 35, "title": "Baby Cradle Hamper", "description": "Baby milestone memory book Baby care set Cradle hard-cover box ( 35cmx18cm) Gypsum White Lily  Peach Roses"}}, {"model": "web.information", "pk": 14, "fields": {"created": "2024-06-11T17:19:26.516Z", "updated": "2024-06-11T17:19:26.516Z", "creator": null, "is_active": true, "product": 38, "title": "Welcome Home hamper", "description": "Ceramic Decor Plate medium size Ceramic Flower Vase Lindor Chocolate 80g Scented Candle small Ceramic Mug Fresh flowers"}}, {"model": "web.information", "pk": 15, "fields": {"created": "2024-06-12T08:01:56.479Z", "updated": "2024-06-12T08:01:56.479Z", "creator": null, "is_active": true, "product": 39, "title": "oh baby", "description": "Wooden Baby pram 1 Pair of baby dress 1 Baby blanket 1 Fish soft toy 1 Teddy soft toy Floral decorations"}}, {"model": "web.information", "pk": 16, "fields": {"created": "2024-06-12T08:12:27.518Z", "updated": "2024-06-12T08:12:27.518Z", "creator": null, "is_active": true, "product": 40, "title": "Oh baby girl", "description": "Pink wooden tray 1 Baby girl dress 1 Baby blanket 1 Baby hair accessory 1 Teddy soft toy 1 Baby keychain Floral decorations"}}, {"model": "web.information", "pk": 17, "fields": {"created": "2024-06-12T08:54:39.855Z", "updated": "2024-06-12T08:54:39.855Z", "creator": null, "is_active": true, "product": 41, "title": "Win my heart", "description": "1 Pinkcolor Rose Heart shaped Rose holder"}}, {"model": "web.information", "pk": 19, "fields": {"created": "2024-06-12T12:14:49.408Z", "updated": "2024-06-12T12:14:49.408Z", "creator": null, "is_active": true, "product": 43, "title": "Home sweet home", "description": "2 ceramic plates 1 mug wooden cooking utensils 1 sacculent plant 2 kitchen towel 1 scented candle Wooden crate (32x22x12)cm"}}, {"model": "web.information", "pk": 20, "fields": {"created": "2024-07-04T14:10:27.188Z", "updated": "2024-07-04T14:10:27.188Z", "creator": null, "is_active": true, "product": 44, "title": "Mosquito lamb", "description": "Mosquito lamb"}}, {"model": "web.information", "pk": 21, "fields": {"created": "2024-07-04T14:28:27.736Z", "updated": "2024-07-04T14:28:27.736Z", "creator": null, "is_active": true, "product": 45, "title": "Moisquito lamb", "description": "Mosquito lamb"}}, {"model": "web.information", "pk": 22, "fields": {"created": "2024-07-04T14:39:24.469Z", "updated": "2024-07-04T14:39:24.469Z", "creator": null, "is_active": true, "product": 46, "title": "Egg beater", "description": "Egg beater"}}, {"model": "web.information", "pk": 23, "fields": {"created": "2024-07-04T14:44:57.697Z", "updated": "2024-07-04T14:44:57.697Z", "creator": null, "is_active": true, "product": 47, "title": "Popcorn maker", "description": "popcorn maker"}}, {"model": "web.information", "pk": 24, "fields": {"created": "2024-07-04T14:50:30.737Z", "updated": "2024-07-04T14:50:30.737Z", "creator": null, "is_active": true, "product": 48, "title": "Coffee maker", "description": "coffee maker"}}, {"model": "web.information", "pk": 25, "fields": {"created": "2024-07-04T14:56:03.669Z", "updated": "2024-07-04T14:56:03.669Z", "creator": null, "is_active": true, "product": 49, "title": "Coffee maker", "description": "coffee maker"}}, {"model": "web.information", "pk": 26, "fields": {"created": "2024-07-04T15:01:24.041Z", "updated": "2024-07-04T15:01:24.041Z", "creator": null, "is_active": true, "product": 50, "title": "air fryer", "description": "air fryer"}}, {"model": "web.section", "pk": 1, "fields": {"created": "2024-03-07T18:21:42.738Z", "updated": "2024-06-02T21:32:45.921Z", "creator": null, "is_active": true, "title": "Unwrap Joy With Thoughtful Gifts", "image": "section/valentine.png", "description": "Discovering the ideal gift for your loved ones just got easier with our meticulously curated collections. Whether you're searching for a special occasion or simply aiming to show your appreciation, our thoughtfully assembled selections offer something for everyone. From luxurious indulgences to practical essentials, each item is handpicked to delight and inspire. Explore our range of gifts tailored to various tastes, interests, and passions, ensuring that you'll find the perfect present to make any moment memorable. Let our curated collections guide you on a journey of thoughtful gifting, where every choice reflects your affection and thoughtfulness.", "button_text": "Checkout Valentines Day Gifts", "button_link": "/recipient/for-her/"}}, {"model": "web.section", "pk": 2, "fields": {"created": "2024-03-07T18:29:42.912Z", "updated": "2024-06-02T21:32:22.151Z", "creator": null, "is_active": true, "title": "Embrace the union with gifts that sparkle as bright as their love", "image": "section/alot_web.png", "description": "Discovering the ideal gift for your loved ones just got easier with our meticulously curated collections. Whether you're searching for a special occasion or simply aiming to show your appreciation, our thoughtfully assembled selections offer something for everyone. From luxurious indulgences to practical essentials, each item is handpicked to delight and inspire. Explore our range of gifts tailored to various tastes, interests, and passions, ensuring that you'll find the perfect present to make any moment memorable. Let our curated collections guide you on a journey of thoughtful gifting, where every choice reflects your affection and thoughtfulness.", "button_text": "Checkout Wedding Gifts", "button_link": "/recipient/for-bridegroom/"}}, {"model": "web.productimage", "pk": 1, "fields": {"created": "2024-06-10T12:55:18.497Z", "updated": "2025-01-26T10:35:21.085Z", "creator": null, "is_active": true, "product": 23, "image": "product/b5e6a454-c7ba-4e70-ac47-1dd929ada062.jpg"}}, {"model": "web.productimage", "pk": 2, "fields": {"created": "2024-06-10T12:55:18.502Z", "updated": "2025-01-26T10:35:21.086Z", "creator": null, "is_active": true, "product": 23, "image": "product/65afc06e-6ab0-495c-bdac-2158085b1cf2.jpg"}}, {"model": "web.productimage", "pk": 3, "fields": {"created": "2024-06-10T12:55:20.076Z", "updated": "2025-01-26T10:35:21.087Z", "creator": null, "is_active": true, "product": 23, "image": "product/b3433128-8bb8-4451-b141-5f5e8c4fb762.jpg"}}, {"model": "web.productimage", "pk": 4, "fields": {"created": "2024-06-10T12:55:20.080Z", "updated": "2025-01-26T10:35:21.087Z", "creator": null, "is_active": true, "product": 23, "image": "product/19717607-b3de-405c-9651-dca7c78a747c.jpg"}}, {"model": "web.productimage", "pk": 5, "fields": {"created": "2024-06-10T13:27:32.859Z", "updated": "2025-01-26T10:35:21.110Z", "creator": null, "is_active": true, "product": 24, "image": "product/49560eea-2ff6-40d1-9fd5-b78c74a03bbe.JPG"}}, {"model": "web.productimage", "pk": 6, "fields": {"created": "2024-06-10T13:27:32.862Z", "updated": "2025-01-26T10:35:21.111Z", "creator": null, "is_active": true, "product": 24, "image": "product/f5e0b9cf-ccda-4487-be8d-a234d6eeec71.JPG"}}, {"model": "web.productimage", "pk": 7, "fields": {"created": "2024-06-10T13:56:36.991Z", "updated": "2025-01-26T10:35:21.103Z", "creator": null, "is_active": true, "product": 15, "image": "product/0941356f-f081-43a6-8a03-d6cbf2ec1fec.JPG"}}, {"model": "web.productimage", "pk": 8, "fields": {"created": "2024-06-10T13:56:36.993Z", "updated": "2025-01-26T10:35:21.104Z", "creator": null, "is_active": true, "product": 15, "image": "product/cb1ef364-0d52-42fc-a506-27582c5f83f6.JPG"}}, {"model": "web.productimage", "pk": 9, "fields": {"created": "2024-06-10T15:32:58.797Z", "updated": "2025-01-26T10:35:21.103Z", "creator": null, "is_active": true, "product": 26, "image": "product/a7e7a66e-dae8-4a03-b780-7cffb92e0564.jpg"}}, {"model": "web.productimage", "pk": 10, "fields": {"created": "2024-06-10T16:42:01.791Z", "updated": "2025-01-26T10:35:21.111Z", "creator": null, "is_active": true, "product": 27, "image": "product/27230137-e75c-4daa-a239-7a46bf145eb5.jpg"}}, {"model": "web.productimage", "pk": 11, "fields": {"created": "2024-06-11T12:06:44.627Z", "updated": "2025-01-26T10:35:21.105Z", "creator": null, "is_active": true, "product": 28, "image": "product/7cee553d-0a69-48f9-b4aa-c344af62b55b.jpg"}}, {"model": "web.productimage", "pk": 12, "fields": {"created": "2024-06-11T12:06:44.633Z", "updated": "2025-01-26T10:35:21.106Z", "creator": null, "is_active": true, "product": 28, "image": "product/e515f729-4257-4701-bc03-63a2437bc436.jpg"}}, {"model": "web.productimage", "pk": 13, "fields": {"created": "2024-06-11T12:24:32.453Z", "updated": "2025-01-26T10:35:21.092Z", "creator": null, "is_active": true, "product": 29, "image": "product/25791701-67a2-4e14-a746-3c8e9dfea844.jpg"}}, {"model": "web.productimage", "pk": 14, "fields": {"created": "2024-06-11T13:47:14.797Z", "updated": "2025-01-26T10:35:21.102Z", "creator": null, "is_active": true, "product": 30, "image": "product/c4a73b19-97b0-4bba-801e-7c35fc307d40.JPG"}}, {"model": "web.productimage", "pk": 15, "fields": {"created": "2024-06-11T14:13:01.971Z", "updated": "2025-01-26T10:35:21.109Z", "creator": null, "is_active": true, "product": 31, "image": "product/7a1f654e-d9d5-4990-8f8f-5a914b899a1c.jpg"}}, {"model": "web.productimage", "pk": 16, "fields": {"created": "2024-06-11T14:13:01.975Z", "updated": "2025-01-26T10:35:21.109Z", "creator": null, "is_active": true, "product": 31, "image": "product/2d7c6ff5-ab21-47be-8f7b-7e6de6215cd0.jpg"}}, {"model": "web.productimage", "pk": 17, "fields": {"created": "2024-06-11T15:09:55.678Z", "updated": "2025-01-26T10:35:21.090Z", "creator": null, "is_active": true, "product": 32, "image": "product/4bc260d8-e574-4275-966b-108d18fcdec0.jpg"}}, {"model": "web.productimage", "pk": 18, "fields": {"created": "2024-06-11T15:09:55.682Z", "updated": "2025-01-26T10:35:21.091Z", "creator": null, "is_active": true, "product": 32, "image": "product/14cf6f5e-e137-4ba6-8e70-cb18444e0d57.jpg"}}, {"model": "web.productimage", "pk": 19, "fields": {"created": "2024-06-11T15:31:54.941Z", "updated": "2025-01-26T10:35:21.116Z", "creator": null, "is_active": true, "product": 33, "image": "product/5413bc50-ea83-4783-b731-941c18bc784d.jpg"}}, {"model": "web.productimage", "pk": 20, "fields": {"created": "2024-06-11T15:34:46.273Z", "updated": "2025-01-26T10:35:21.083Z", "creator": null, "is_active": true, "product": 34, "image": "product/cefbbede-3421-45b4-893a-9182b3435079.jpg"}}, {"model": "web.productimage", "pk": 21, "fields": {"created": "2024-06-11T15:34:46.277Z", "updated": "2025-01-26T10:35:21.084Z", "creator": null, "is_active": true, "product": 34, "image": "product/db026d1a-fc70-4987-950f-c5b616725f71.jpg"}}, {"model": "web.productimage", "pk": 22, "fields": {"created": "2024-06-11T16:16:29.874Z", "updated": "2025-01-26T10:35:21.121Z", "creator": null, "is_active": true, "product": 35, "image": "product/e4ae920a-c2cd-4e6a-8ff0-38a8b5b2b7c6.jpg"}}, {"model": "web.productimage", "pk": 23, "fields": {"created": "2024-06-11T16:32:38.551Z", "updated": "2025-01-26T10:35:21.093Z", "creator": null, "is_active": true, "product": 36, "image": "product/282871a3-4ad4-430a-b0ec-3c5c081e84ae.JPG"}}, {"model": "web.productimage", "pk": 24, "fields": {"created": "2024-06-11T17:04:44.433Z", "updated": "2025-01-26T10:35:21.094Z", "creator": null, "is_active": true, "product": 37, "image": "product/d04a3bca-6ee4-488f-a426-685927cee80a.jpg"}}, {"model": "web.productimage", "pk": 25, "fields": {"created": "2024-06-11T17:04:44.439Z", "updated": "2025-01-26T10:35:21.095Z", "creator": null, "is_active": true, "product": 37, "image": "product/e33c2d7c-5cb4-4ccb-83cd-9ca01ef73198.jpg"}}, {"model": "web.productimage", "pk": 26, "fields": {"created": "2024-06-11T17:04:44.444Z", "updated": "2025-01-26T10:35:21.095Z", "creator": null, "is_active": true, "product": 37, "image": "product/e5f45223-db1a-40c5-8952-e95b41b3a0e1.jpg"}}, {"model": "web.productimage", "pk": 27, "fields": {"created": "2024-06-11T17:17:04.928Z", "updated": "2025-01-26T10:35:21.088Z", "creator": null, "is_active": true, "product": 38, "image": "product/9cab508a-4c41-429c-9445-20f7b0152f8d.jpg"}}, {"model": "web.productimage", "pk": 28, "fields": {"created": "2024-06-11T17:17:04.935Z", "updated": "2025-01-26T10:35:21.089Z", "creator": null, "is_active": true, "product": 38, "image": "product/d56015d6-c6b7-4d9f-a59b-6b5076a59f42.jpg"}}, {"model": "web.productimage", "pk": 29, "fields": {"created": "2024-06-11T17:17:04.941Z", "updated": "2025-01-26T10:35:21.090Z", "creator": null, "is_active": true, "product": 38, "image": "product/e2bba021-1bf2-493b-be65-2eef42c13f7a.jpg"}}, {"model": "web.productimage", "pk": 30, "fields": {"created": "2024-06-12T08:01:56.475Z", "updated": "2025-01-26T10:35:21.098Z", "creator": null, "is_active": true, "product": 39, "image": "product/d13099a9-3cc5-4b2f-8877-157153caad2a.jpg"}}, {"model": "web.productimage", "pk": 31, "fields": {"created": "2024-06-12T08:12:27.515Z", "updated": "2025-01-26T10:35:21.097Z", "creator": null, "is_active": true, "product": 40, "image": "product/92271572-c3f4-40ea-9d1b-f38ed3c1804f.jpg"}}, {"model": "web.productimage", "pk": 32, "fields": {"created": "2024-06-12T08:54:39.852Z", "updated": "2025-01-26T10:35:21.085Z", "creator": null, "is_active": true, "product": 41, "image": "product/4b64eb0a-6f07-4af3-880e-70b65297b248.jpg"}}, {"model": "web.productimage", "pk": 34, "fields": {"created": "2024-06-12T12:14:49.404Z", "updated": "2025-01-26T10:35:21.104Z", "creator": null, "is_active": true, "product": 43, "image": "product/e6ce2d87-a9bb-40a3-8c6b-c1ac88f8339e.jpg"}}, {"model": "web.productimage", "pk": 35, "fields": {"created": "2024-07-04T14:10:27.185Z", "updated": "2025-01-26T10:35:21.099Z", "creator": null, "is_active": true, "product": 44, "image": "product/f868cfa5-405c-4853-98c1-e67081148d71.jpg"}}, {"model": "web.productimage", "pk": 36, "fields": {"created": "2024-07-04T14:10:27.187Z", "updated": "2025-01-26T10:35:21.100Z", "creator": null, "is_active": true, "product": 44, "image": "product/deaddcef-b464-4e4d-9d74-842955e10fd2.jpg"}}, {"model": "web.productimage", "pk": 37, "fields": {"created": "2024-07-04T14:28:27.730Z", "updated": "2025-01-26T10:35:21.101Z", "creator": null, "is_active": true, "product": 45, "image": "product/e21fbce9-35ae-4f08-b68e-5e0a92d8bfa6.jpg"}}, {"model": "web.productimage", "pk": 38, "fields": {"created": "2024-07-04T14:28:27.732Z", "updated": "2025-01-26T10:35:21.101Z", "creator": null, "is_active": true, "product": 45, "image": "product/2be19eee-63e1-484f-8b05-da8cdab1a79f.jpg"}}, {"model": "web.productimage", "pk": 39, "fields": {"created": "2024-07-04T14:39:24.467Z", "updated": "2025-01-26T10:35:21.108Z", "creator": null, "is_active": true, "product": 46, "image": "product/515ab5c3-e755-4ba9-b35a-c686dfd7a2e6.jpg"}}, {"model": "web.productimage", "pk": 40, "fields": {"created": "2024-07-04T14:44:57.693Z", "updated": "2025-01-26T10:35:21.096Z", "creator": null, "is_active": true, "product": 47, "image": "product/7be706b1-44bd-42cd-8058-feb062d0d7bd.jpg"}}, {"model": "web.productimage", "pk": 41, "fields": {"created": "2024-07-04T14:44:57.696Z", "updated": "2025-01-26T10:35:21.097Z", "creator": null, "is_active": true, "product": 47, "image": "product/17875891-c232-4206-8c07-e73ab4530865.jpg"}}, {"model": "web.productimage", "pk": 42, "fields": {"created": "2024-07-04T14:50:30.733Z", "updated": "2025-01-26T10:35:21.115Z", "creator": null, "is_active": true, "product": 48, "image": "product/e9cb6eb0-b951-4e0f-8976-6e404f1b9dc7.jpg"}}, {"model": "web.productimage", "pk": 43, "fields": {"created": "2024-07-04T14:50:30.735Z", "updated": "2025-01-26T10:35:21.116Z", "creator": null, "is_active": true, "product": 48, "image": "product/86e582bf-e0c8-4211-8a53-18f638b06c23.jpg"}}, {"model": "web.productimage", "pk": 44, "fields": {"created": "2024-07-04T14:56:03.666Z", "updated": "2025-01-26T10:35:21.114Z", "creator": null, "is_active": true, "product": 49, "image": "product/190a5214-deb6-4f27-858b-ed29747f2a25.jpg"}}, {"model": "web.productimage", "pk": 45, "fields": {"created": "2024-07-04T14:56:03.668Z", "updated": "2025-01-26T10:35:21.114Z", "creator": null, "is_active": true, "product": 49, "image": "product/4a61d2a7-be5d-411a-8b1a-f31453d18bc1.jpg"}}, {"model": "web.productimage", "pk": 46, "fields": {"created": "2024-07-04T15:01:24.039Z", "updated": "2025-01-26T10:35:21.113Z", "creator": null, "is_active": true, "product": 50, "image": "product/76bd8068-07d6-48e6-885d-c099d3c43ead.jpg"}}, {"model": "web.productimage", "pk": 47, "fields": {"created": "2024-07-04T15:07:06.670Z", "updated": "2025-01-26T10:35:21.112Z", "creator": null, "is_active": true, "product": 51, "image": "product/1e9bd104-0bb7-4a46-abe2-0347010ae711.jpg"}}, {"model": "web.productimage", "pk": 48, "fields": {"created": "2024-07-04T15:11:57.441Z", "updated": "2025-01-26T10:35:21.108Z", "creator": null, "is_active": true, "product": 52, "image": "product/156f618d-c1d6-4a20-850f-f2c59e671e67.jpg"}}, {"model": "web.productimage", "pk": 49, "fields": {"created": "2024-07-04T15:15:21.270Z", "updated": "2025-01-26T10:35:21.107Z", "creator": null, "is_active": true, "product": 53, "image": "product/1fc57c87-3b5b-4fa8-9033-3f9ceddb621b.jpg"}}, {"model": "web.productimage", "pk": 50, "fields": {"created": "2024-07-04T15:21:14.767Z", "updated": "2025-01-26T10:35:21.119Z", "creator": null, "is_active": true, "product": 54, "image": "product/39df2a48-efde-4e11-95a5-856d005fd4b5.jpg"}}, {"model": "web.productimage", "pk": 51, "fields": {"created": "2024-07-04T15:21:14.768Z", "updated": "2025-01-26T10:35:21.119Z", "creator": null, "is_active": true, "product": 54, "image": "product/b496b285-71bd-4647-97f4-b84bce57f9e7.jpg"}}, {"model": "web.productimage", "pk": 52, "fields": {"created": "2024-07-04T15:21:14.770Z", "updated": "2025-01-26T10:35:21.120Z", "creator": null, "is_active": true, "product": 54, "image": "product/d88ed8b7-99ea-4fba-8cfa-a0391fff5808.jpg"}}, {"model": "web.productimage", "pk": 53, "fields": {"created": "2024-07-04T15:21:14.772Z", "updated": "2025-01-26T10:35:21.120Z", "creator": null, "is_active": true, "product": 54, "image": "product/1a7e2035-35ca-46af-aed5-cdb2d8223097.jpg"}}, {"model": "web.productimage", "pk": 54, "fields": {"created": "2024-07-04T15:52:35.687Z", "updated": "2025-01-26T10:35:21.117Z", "creator": null, "is_active": true, "product": 55, "image": "product/5e25a6d0-29f4-4ff3-8672-5ac1f2c49a3b.jpg"}}, {"model": "web.productimage", "pk": 55, "fields": {"created": "2024-07-04T15:52:35.689Z", "updated": "2025-01-26T10:35:21.117Z", "creator": null, "is_active": true, "product": 55, "image": "product/deef918a-389f-457d-934f-25f6916fc271.jpg"}}, {"model": "web.productimage", "pk": 56, "fields": {"created": "2024-07-04T15:52:35.690Z", "updated": "2025-01-26T10:35:21.118Z", "creator": null, "is_active": true, "product": 55, "image": "product/fe691505-e30f-4d4c-800a-14394ae49698.jpg"}}, {"model": "web.productimage", "pk": 57, "fields": {"created": "2024-07-06T14:35:34.568Z", "updated": "2025-01-26T10:35:21.113Z", "creator": null, "is_active": true, "product": 69, "image": "product/aaa3df45-627c-4e91-a913-239c4e574480.jpg"}}, {"model": "web.productimage", "pk": 58, "fields": {"created": "2024-07-06T15:01:46.569Z", "updated": "2025-01-26T10:35:21.098Z", "creator": null, "is_active": true, "product": 70, "image": "product/686abb56-939f-4bf6-90b7-ef7cc564f5f5.jpg"}}, {"model": "web.review", "pk": 1, "fields": {"created": "2024-06-06T12:04:10.982Z", "updated": "2024-06-06T12:04:10.982Z", "creator": null, "is_active": true, "product": 15, "name": "Anfas", "photo": "review/WhatsApp_Image_2024-05-19_at_8.04.57_PM.jpeg", "rating": 5, "comment": "Nice"}}, {"model": "web.generalsetting", "pk": 1, "fields": {"show_welcome_text": false, "welcome_text": ""}}]