[{"model": "admin_interface.theme", "pk": 1, "fields": {"name": "Django", "active": true, "title": "Majic Space Administration", "title_color": "#F5DD5D", "title_visible": true, "logo": "", "logo_color": "#FFFFFF", "logo_max_width": 400, "logo_max_height": 100, "logo_visible": false, "favicon": "", "env_name": "", "env_color": "#E74C3C", "env_visible_in_header": true, "env_visible_in_favicon": true, "language_chooser_active": true, "language_chooser_control": "default-select", "language_chooser_display": "code", "css_header_background_color": "#0C4B33", "css_header_text_color": "#44B78B", "css_header_link_color": "#FFFFFF", "css_header_link_hover_color": "#C9F0DD", "css_module_background_color": "#44B78B", "css_module_background_selected_color": "#FFFFCC", "css_module_text_color": "#FFFFFF", "css_module_link_color": "#FFFFFF", "css_module_link_selected_color": "#FFFFFF", "css_module_link_hover_color": "#C9F0DD", "css_module_rounded_corners": true, "css_generic_link_color": "#0C3C26", "css_generic_link_hover_color": "#156641", "css_save_button_background_color": "#0C4B33", "css_save_button_background_hover_color": "#0C3C26", "css_save_button_text_color": "#FFFFFF", "css_delete_button_background_color": "#BA2121", "css_delete_button_background_hover_color": "#A41515", "css_delete_button_text_color": "#FFFFFF", "related_modal_active": true, "related_modal_background_color": "#000000", "related_modal_background_opacity": "0.3", "related_modal_rounded_corners": true, "related_modal_close_button_visible": true, "list_filter_highlight": true, "list_filter_dropdown": true, "list_filter_sticky": true, "list_filter_removal_links": false, "foldable_apps": true, "show_fieldsets_as_tabs": false, "show_inlines_as_tabs": false, "recent_actions_visible": true, "form_submit_sticky": true, "form_pagination_sticky": false}}, {"model": "auth.user", "pk": 2, "fields": {"password": "pbkdf2_sha256$600000$sZvIP5G6JEztHAQUpBZTjX$XXrbIS8mwEGzfcCQ/cZ9/CNKMi/nsCLq92+aJi/I+Qg=", "last_login": "2025-06-04T06:22:40.274Z", "is_superuser": true, "username": "prospello", "first_name": "", "last_name": "", "email": "", "is_staff": true, "is_active": true, "date_joined": "2024-02-10T09:15:52.057Z", "groups": [], "user_permissions": []}}, {"model": "sessions.session", "pk": "09sf6dovnvdjhytjjq0108fv6b3eixwn", "fields": {"session_data": ".eJxVjEEOwiAQRe_C2hAYChSX7j0DGZhBqoYmpV0Z765NutDtf-_9l4i4rTVunZc4kTgLLU6_W8L84LYDumO7zTLPbV2mJHdFHrTL60z8vBzu30HFXr81W_LgEgRFUAZtPbB1nHNmC8VTKSY4GrVDrwOOlJyiYhLQ4JTRIRnx_gDtqDgK:1rWxIq:IOO8pN1hSu4F27XN0W7ZXGsoJQxN7FI81-hIKs24olM", "expire_date": "2024-02-19T11:38:20.268Z"}}, {"model": "sessions.session", "pk": "5vsjrig75dnz5r1m2fhdw4y49fz5qycx", "fields": {"session_data": ".eJxVjMsOwiAQRf-FtSG8YVy69xvIAFOpGkhKuzL-uzbpQrf3nHNfLOK21rgNWuJc2JkpdvrdEuYHtR2UO7Zb57m3dZkT3xV-0MGvvdDzcrh_BxVH_dYeBFlpwasA1lnpaAqJCHRBncBk9NKK5CAYaYA8otIaJucMCVswefb-AL7rNzM:1trrOx:DWbXQbJyq94a8nJ1ipCw3SgWI-MN6ycTvXPc6P1z4t8", "expire_date": "2025-03-25T04:39:35.598Z"}}, {"model": "sessions.session", "pk": "a586n7r3b5bs0wo89xjtymesg0q2si2p", "fields": {"session_data": ".eJxVjMsOwiAQRf-FtSG8YVy69xvIAFOpGkhKuzL-uzbpQrf3nHNfLOK21rgNWuJc2JkpdvrdEuYHtR2UO7Zb57m3dZkT3xV-0MGvvdDzcrh_BxVH_dYeBFlpwasA1lnpaAqJCHRBncBk9NKK5CAYaYA8otIaJucMCVswefb-AL7rNzM:1uMhWK:p1OexFx56mmWLR_3OBTc8cOD0tZsjkkL0Ll25R0CELo", "expire_date": "2025-06-18T06:22:40.277Z"}}, {"model": "sessions.session", "pk": "ap7ukl6in4ug75sz4xag10i13g2v54e4", "fields": {"session_data": ".eJxVjMsOwiAQRf-FtSG8YVy69xvIAFOpGkhKuzL-uzbpQrf3nHNfLOK21rgNWuJc2JkpdvrdEuYHtR2UO7Zb57m3dZkT3xV-0MGvvdDzcrh_BxVH_dYeBFlpwasA1lnpaAqJCHRBncBk9NKK5CAYaYA8otIaJucMCVswefb-AL7rNzM:1ty6nS:9U1AAlK1nIExQyMRDSVJQkLiPhr_Bh5j8933PjxCYSw", "expire_date": "2025-04-11T10:18:42.883Z"}}, {"model": "sessions.session", "pk": "b25g044m8zrk0i40f8xh4eaiz9ob9jdi", "fields": {"session_data": ".eJxVjMsOwiAQRf-FtSG8YVy69xvIAFOpGkhKuzL-uzbpQrf3nHNfLOK21rgNWuJc2JkpdvrdEuYHtR2UO7Zb57m3dZkT3xV-0MGvvdDzcrh_BxVH_dYeBFlpwasA1lnpaAqJCHRBncBk9NKK5CAYaYA8otIaJucMCVswefb-AL7rNzM:1rnuEZ:yCSj1z-LIlHIGn3Xd6ImsqHDdxa-mDcDirkF31hQJls", "expire_date": "2024-04-06T05:47:59.797Z"}}, {"model": "sessions.session", "pk": "ctii6tgnggex3xfeh81kb6poh9yndc04", "fields": {"session_data": ".eJxVjMsOwiAQRf-FtSG8YVy69xvIAFOpGkhKuzL-uzbpQrf3nHNfLOK21rgNWuJc2JkpdvrdEuYHtR2UO7Zb57m3dZkT3xV-0MGvvdDzcrh_BxVH_dYeBFlpwasA1lnpaAqJCHRBncBk9NKK5CAYaYA8otIaJucMCVswefb-AL7rNzM:1u5LjV:2ryGwVeDchhua7pbHz7JT2qjuoc2N_T1XvdFPy0yC80", "expire_date": "2025-05-01T09:40:33.222Z"}}, {"model": "sessions.session", "pk": "cxzywhdvit7vvek0gmzm1wc8xtvo6k64", "fields": {"session_data": ".eJxVjMsOwiAQRf-FtSG8YVy69xvIAFOpGkhKuzL-uzbpQrf3nHNfLOK21rgNWuJc2JkpdvrdEuYHtR2UO7Zb57m3dZkT3xV-0MGvvdDzcrh_BxVH_dYeBFlpwasA1lnpaAqJCHRBncBk9NKK5CAYaYA8otIaJucMCVswefb-AL7rNzM:1tI4I9:8Uv3-rdWa-UEQE13sJ84NSropl6s2m3zoeof76Zs7Ho", "expire_date": "2024-12-16T11:08:37.179Z"}}, {"model": "sessions.session", "pk": "hoh6pf09z9ay9ln2vdzgl68k1ztkgts5", "fields": {"session_data": ".eJxVjEEOwiAQRe_C2hAYChSX7j0DGZhBqoYmpV0Z765NutDtf-_9l4i4rTVunZc4kTgLLU6_W8L84LYDumO7zTLPbV2mJHdFHrTL60z8vBzu30HFXr81W_LgEgRFUAZtPbB1nHNmC8VTKSY4GrVDrwOOlJyiYhLQ4JTRIRnx_gDtqDgK:1rWvae:GiB-0ldVG8ZYgiHQv3MPaFefZ7GeR9SSXrt1IADX74s", "expire_date": "2024-02-19T09:48:36.875Z"}}, {"model": "sessions.session", "pk": "kpi0y5mnwnlre7gxo9jjk0a6rs49o243", "fields": {"session_data": ".eJxVjMsOwiAQRf-FtSG8YVy69xvIAFOpGkhKuzL-uzbpQrf3nHNfLOK21rgNWuJc2JkpdvrdEuYHtR2UO7Zb57m3dZkT3xV-0MGvvdDzcrh_BxVH_dYeBFlpwasA1lnpaAqJCHRBncBk9NKK5CAYaYA8otIaJucMCVswefb-AL7rNzM:1tI4I8:wOnWf3Y7pjwTVZ19po72GQ0VUZR0I8vglEDbKeYA2fA", "expire_date": "2024-12-16T11:08:36.976Z"}}, {"model": "sessions.session", "pk": "kpv2xtkhyrxllowqsxdtumwmez3urg0v", "fields": {"session_data": ".eJxVjEEOwiAQRe_C2hAYChSX7j0DGZhBqoYmpV0Z765NutDtf-_9l4i4rTVunZc4kTgLLU6_W8L84LYDumO7zTLPbV2mJHdFHrTL60z8vBzu30HFXr81W_LgEgRFUAZtPbB1nHNmC8VTKSY4GrVDrwOOlJyiYhLQ4JTRIRnx_gDtqDgK:1rWv67:b5pVxklW3mMMSTRmaZhJ1Myn9Nawj8jX_AgAQ0lfDrQ", "expire_date": "2024-02-19T09:17:03.975Z"}}, {"model": "sessions.session", "pk": "l0kcukix2865l14pwsdqj71ocexao5cp", "fields": {"session_data": ".eJxVjMsOwiAQRf-FtSG8YVy69xvIAFOpGkhKuzL-uzbpQrf3nHNfLOK21rgNWuJc2JkpdvrdEuYHtR2UO7Zb57m3dZkT3xV-0MGvvdDzcrh_BxVH_dYeBFlpwasA1lnpaAqJCHRBncBk9NKK5CAYaYA8otIaJucMCVswefb-AL7rNzM:1tbGi5:L941Qtg1-cHuJqSitJ_3_kDS6plWRg7EfvDFqCKThEI", "expire_date": "2025-02-07T10:14:45.734Z"}}, {"model": "sessions.session", "pk": "ln25igxn3d22p37droe61oc6ndvao0b5", "fields": {"session_data": ".eJxVjEEOwiAQRe_C2hAYChSX7j0DGZhBqoYmpV0Z765NutDtf-_9l4i4rTVunZc4kTgLLU6_W8L84LYDumO7zTLPbV2mJHdFHrTL60z8vBzu30HFXr81W_LgEgRFUAZtPbB1nHNmC8VTKSY4GrVDrwOOlJyiYhLQ4JTRIRnx_gDtqDgK:1rWuYX:pj81S78QhUpf37FgWoWNW6mzxSE3mVlXDSuWGD_BVGA", "expire_date": "2024-02-19T08:42:21.820Z"}}, {"model": "sessions.session", "pk": "lrr0v8vq2j4y8vsbyvowcu3rootxjxl3", "fields": {"session_data": ".eJxVjMsOwiAQRf-FtSG8YVy69xvIAFOpGkhKuzL-uzbpQrf3nHNfLOK21rgNWuJc2JkpdvrdEuYHtR2UO7Zb57m3dZkT3xV-0MGvvdDzcrh_BxVH_dYeBFlpwasA1lnpaAqJCHRBncBk9NKK5CAYaYA8otIaJucMCVswefb-AL7rNzM:1rYjT0:vNcKS_cxjlndXqmeNffl3YkPRDKWLjIwtmQxc_oA-Z4", "expire_date": "2024-02-24T09:16:10.510Z"}}, {"model": "sessions.session", "pk": "qk1f0wuqdajq1lw6c8u8dr8e3725nf0w", "fields": {"session_data": ".eJxVjMsOwiAQRf-FtSG8YVy69xvIAFOpGkhKuzL-uzbpQrf3nHNfLOK21rgNWuJc2JkpdvrdEuYHtR2UO7Zb57m3dZkT3xV-0MGvvdDzcrh_BxVH_dYeBFlpwasA1lnpaAqJCHRBncBk9NKK5CAYaYA8otIaJucMCVswefb-AL7rNzM:1rnvuf:JMvnQJLDE6jNuGGn60eqf50ox0O_XzsmWEl_xy3SwZc", "expire_date": "2024-04-06T07:35:33.955Z"}}, {"model": "sessions.session", "pk": "s0gxjs9d97lmfxklaf7pdtgq5pp9ll1w", "fields": {"session_data": ".eJxVjEEOwiAQRe_C2hAYChSX7j0DGZhBqoYmpV0Z765NutDtf-_9l4i4rTVunZc4kTgLLU6_W8L84LYDumO7zTLPbV2mJHdFHrTL60z8vBzu30HFXr81W_LgEgRFUAZtPbB1nHNmC8VTKSY4GrVDrwOOlJyiYhLQ4JTRIRnx_gDtqDgK:1rXG6e:ZCyneQVq67QepPI0NWyfQH7GnyCVMQRRamjEAE4nNoQ", "expire_date": "2024-02-20T07:43:00.589Z"}}, {"model": "sessions.session", "pk": "tjga1uy9pfs9w6tz6ar6gboqhgyx81p7", "fields": {"session_data": ".eJxVjMsOwiAQRf-FtSG8YVy69xvIAFOpGkhKuzL-uzbpQrf3nHNfLOK21rgNWuJc2JkpdvrdEuYHtR2UO7Zb57m3dZkT3xV-0MGvvdDzcrh_BxVH_dYeBFlpwasA1lnpaAqJCHRBncBk9NKK5CAYaYA8otIaJucMCVswefb-AL7rNzM:1tI4KP:WxzVCz3bfRCO13yLsePDU4dHMp9lutv0sgek0k1vTfo", "expire_date": "2024-12-16T11:10:57.836Z"}}, {"model": "sessions.session", "pk": "wbf9bvh6mkkx77pvff45i45jp4zbzhxq", "fields": {"session_data": ".eJxVjEEOwiAQRe_C2hAYChSX7j0DGZhBqoYmpV0Z765NutDtf-_9l4i4rTVunZc4kTgLLU6_W8L84LYDumO7zTLPbV2mJHdFHrTL60z8vBzu30HFXr81W_LgEgRFUAZtPbB1nHNmC8VTKSY4GrVDrwOOlJyiYhLQ4JTRIRnx_gDtqDgK:1rWr7Q:1EoOM4e_SUSYugNVyEqaAQq3P2DGE9P3khoLN4k6eFc", "expire_date": "2024-02-19T05:02:08.536Z"}}, {"model": "sessions.session", "pk": "wercgevh6gv811k9gnxjcggejyxssxcz", "fields": {"session_data": ".eJxVjMsOwiAQRf-FtSG8YVy69xvIAFOpGkhKuzL-uzbpQrf3nHNfLOK21rgNWuJc2JkpdvrdEuYHtR2UO7Zb57m3dZkT3xV-0MGvvdDzcrh_BxVH_dYeBFlpwasA1lnpaAqJCHRBncBk9NKK5CAYaYA8otIaJucMCVswefb-AL7rNzM:1rYpcm:K8Aq4PC2_A5as15qzkgOWnWyfGua89gzJuJRV1Tjwe8", "expire_date": "2024-02-24T15:50:40.548Z"}}, {"model": "sessions.session", "pk": "xqy0q1h9kb9msi2092rv3gkq6a0fz7xz", "fields": {"session_data": ".eJxVjMsOwiAQRf-FtSG8YVy69xvIAFOpGkhKuzL-uzbpQrf3nHNfLOK21rgNWuJc2JkpdvrdEuYHtR2UO7Zb57m3dZkT3xV-0MGvvdDzcrh_BxVH_dYeBFlpwasA1lnpaAqJCHRBncBk9NKK5CAYaYA8otIaJucMCVswefb-AL7rNzM:1sDh7j:in5Pfj8ZDbIZAtbS-jYRk1Vgyflq60xDprLuhqPKcgo", "expire_date": "2024-06-16T09:03:31.432Z"}}, {"model": "web.banner", "pk": 1, "fields": {"service": "Interior design", "title": "Little Cottage", "description": "Elevate your space with our visionary interior design solutions – where style meets functionality effortlessly.", "image": "banner/interior.jpg"}}, {"model": "web.banner", "pk": 2, "fields": {"service": "Architecture", "title": "Compact House", "description": "Transforming spaces with innovative design – Welcome to Compact House, where creativity meets functionality for your dream living.", "image": "banner/banner-2.jpg"}}, {"model": "web.banner", "pk": 3, "fields": {"service": "Interior design", "title": "Greenwell Yards", "description": "Discover sustainable luxury nestled in nature at Greenwell Yards Country House, where tranquility meets eco-conscious living.", "image": "banner/banner-3.jpg"}}, {"model": "web.service", "pk": 1, "fields": {"title": "Masjids", "slug": "masjids", "description": "<p>Welcome to majicspace, where we turn spaces into masterpieces. Our expert team of passionate interior designers is dedicated to creating environments that seamlessly blend style, functionality, and your unique personality. From concept to execution, we transform every room into a work of art, ensuring that each element harmonizes with your vision. Whether it's a cozy home, a vibrant office, or a commercial space, we bring innovation and elegance to every project. Explore a world of inspired designs, curated furnishings, and personalized solutions. Elevate your living or working space with [Your Interior Design Business Name], where creativity meets functionality, and dreams become reality.</p>", "image": "service/01.jpg"}}, {"model": "web.service", "pk": 2, "fields": {"title": "Educational", "slug": "educational", "description": "<p>Magic Space Architects - Crafting Vision into Structure. At Magic Space, we bring architectural dreams to life. Our innovative approach, seasoned expertise, and dedication to precision make us the cornerstone of transformative design. From conceptualizing iconic structures to shaping sustainable spaces, we redefine architectural excellence. Join us on a journey where imagination meets concrete form, creating enduring structures that stand as testaments to our commitment to architectural brilliance.</p>", "image": "service/1_xzBnvAq.jpg"}}, {"model": "web.service", "pk": 3, "fields": {"title": "Commercial", "slug": "commercial", "description": "<p>Revitalize your architectural gems with Magic Space Architecture Repair Services. Our dedicated team specializes in meticulous repairs, from structural enhancements to facade restoration, roof repairs, and masonry refurbishments. We seamlessly blend expertise and aesthetics, addressing issues to ensure the longevity, safety, and charm of your structures. Magic Space extends its repair services to include window and door rehabilitation, waterproofing solutions, and interior repairs, delivering comprehensive solutions. Committed to excellence, we offer swift responses to emergencies, providing 24/7 availability for urgent repairs. At Magic Space, we go beyond fixing issues; we enhance the overall durability and aesthetics of your architecture, making it resilient against the test of time. Contact us today for a consultation and let Magic Space be your trusted partner in preserving the beauty and functionality of your space.</p>", "image": "service/1.jpg"}}, {"model": "web.service", "pk": 4, "fields": {"title": "Residential", "slug": "residential", "description": "<p>.</p>", "image": "service/11.jpg"}}, {"model": "web.service", "pk": 5, "fields": {"title": "Villas", "slug": "villas", "description": "<div class=\"service-details-content-right\">\r\n<p class=\"disc\">Our space planning service aims to create harmonious and well-organized interior environments that maximize the functionality and visual appeal of the space. We believe that thoughtful space planning is the foundation for creating a comfortable and efficient space that aligns with the client's lifestyle and objectives.</p>\r\n<p class=\"disc\">Our process begins by thoroughly evaluating the space, taking into account its dimensions, architectural features, and any existing structural limitations. We then engage in comprehensive discussions with the client to understand their specific requirements, preferences, and any special considerations. Using this information, our team of experienced designers develops a customized space plan that optimizes the layout and flow of the space. We carefully consider factors such as traffic patterns, spatial relationships, furniture placement, and functional requirements to create a design that best suits the intended purpose of the space.</p>\r\n</div>\r\n<h3 class=\"title-main-s animated fadeIn\">careful consideration must be given to various</h3>\r\n<p class=\"disc\">Architecture spacing planning is a crucial step in the design process that involves determining the arrangement and allocation of spaces within a building or structure. This planning stage is essential for creating functional, safe, and aesthetically pleasing environments that meet the needs of the intended users.</p>\r\n<div class=\"service-details-list-check-bullet\">\r\n<div class=\"single\">\r\n<p>Collaboration and Feedback</p>\r\n</div>\r\n<div class=\"single\">\r\n<p>Evaluate Space Constraints</p>\r\n</div>\r\n<div class=\"single\">\r\n<p>Establish Functional Zones</p>\r\n</div>\r\n<div class=\"single\">\r\n<p>Safety and Building Codes</p>\r\n</div>\r\n</div>\r\n<div class=\"row mt--30\">\r\n<div class=\"col-lg-12\">\r\n<p class=\"disc\">The primary objective of spacing planning is to ensure that each space within the building serves its intended purpose effectively. This involves identifying the different functions or activities that will take place and allocating appropriate areas for each. For instance, in an office space, considerations may include workstations, meeting rooms, reception areas, and collaborative spaces. In residential buildings, it may involve allocating spaces for bedrooms, living rooms, kitchens, and bathrooms.</p>\r\n</div>\r\n</div>", "image": "service/9.jpg"}}, {"model": "web.testimonial", "pk": 1, "fields": {"name": "Emily Thompson", "position": "Client and Homeowner", "description": "Working with Magic Space was an absolute pleasure. Their team not only listened attentively to my design preferences but also offered expert guidance to enhance the functionality of my space. The result is a home that not only looks stunning but also perfectly suits my lifestyle. I couldn't be happier with the outcome!", "image": "testimonials/test-1.png"}}, {"model": "web.testimonial", "pk": 2, "fields": {"name": "Mark Rodriguez", "position": "CEO, Rodriguez Technologies", "description": "Choosing Magic Space for our office design was a game-changer. The team's attention to detail, creative vision, and seamless project management made the entire process stress-free. Our new office reflects our brand identity and has significantly boosted employee morale. I highly recommend Magic Space for any commercial design needs.", "image": "testimonials/test-2.png"}}, {"model": "web.portfolio", "pk": 1, "fields": {"service": 3, "title": "Commercial Kottakkal", "slug": "commercial-kottakkal", "description": "", "image": "portfolio/1.jpg"}}, {"model": "web.portfolio", "pk": 2, "fields": {"service": 3, "title": "Commercial Puthiyara", "slug": "commercial-puthiyara", "description": null, "image": "portfolio/1_uHEPHCQ.jpg"}}, {"model": "web.portfolio", "pk": 3, "fields": {"service": 3, "title": "Jazak Mall Chemmad", "slug": "jazak-mall-chemmad", "description": null, "image": "portfolio/1_aavi2Od.jpg"}}, {"model": "web.portfolio", "pk": 4, "fields": {"service": 3, "title": "Qatra Center Calicut", "slug": "qatra-center-calicut", "description": null, "image": "portfolio/B.jpg"}}, {"model": "web.portfolio", "pk": 5, "fields": {"service": 2, "title": "Al Falah Kottakkal", "slug": "al-falah-kottakkal", "description": "", "image": "portfolio/12print.jpg"}}, {"model": "web.portfolio", "pk": 6, "fields": {"service": 2, "title": "The Bubble Chelari", "slug": "the-bubble-chelari", "description": null, "image": "portfolio/1f.jpg"}}, {"model": "web.portfolio", "pk": 7, "fields": {"service": 1, "title": "Masjid Earkara", "slug": "masjid-earkara", "description": null, "image": "portfolio/01.jpg"}}, {"model": "web.portfolio", "pk": 8, "fields": {"service": 1, "title": "Masjid Edachery", "slug": "masjid-edachery", "description": null, "image": "portfolio/2_XogwE2O.jpg"}}, {"model": "web.portfolio", "pk": 9, "fields": {"service": 4, "title": "Anas House Nadapuram", "slug": "anas-house-nadapuram", "description": null, "image": "portfolio/11_dPH3NP6.jpg"}}, {"model": "web.portfolio", "pk": 10, "fields": {"service": 4, "title": "Badarudin Padane", "slug": "badarudin-padane", "description": null, "image": "portfolio/1_Et59wgh.jpg"}}, {"model": "web.portfolio", "pk": 11, "fields": {"service": 4, "title": "Beyond House Tanur", "slug": "beyond-house-thanur", "description": "", "image": "portfolio/1_YK638pU.jpg"}}, {"model": "web.portfolio", "pk": 12, "fields": {"service": 4, "title": "Finos Peringathur", "slug": "finos-peringathur", "description": null, "image": "portfolio/1_K8cHOp0.jpg"}}, {"model": "web.portfolio", "pk": 13, "fields": {"service": 4, "title": "Infinity House Valenchery", "slug": "infinity-house-valenchery", "description": null, "image": "portfolio/1_6rr220K.jpg"}}, {"model": "web.portfolio", "pk": 14, "fields": {"service": 4, "title": "Muhammed Ali Vadakara", "slug": "muhammed-ali-vattakkara", "description": "", "image": "portfolio/8_OaHENqC.jpg"}}, {"model": "web.portfolio", "pk": 15, "fields": {"service": 4, "title": "Nauras Peringathur", "slug": "nauras-peringathur", "description": null, "image": "portfolio/1A.jpg"}}, {"model": "web.portfolio", "pk": 16, "fields": {"service": 4, "title": "Shareef Kadampuzha", "slug": "shareef-kadampuzha", "description": null, "image": "portfolio/1b.jpg"}}, {"model": "web.portfolio", "pk": 17, "fields": {"service": 4, "title": "Shahabas Parappanangadi", "slug": "shahabas-parappanangadi", "description": null, "image": "portfolio/1_Q4brgzz.jpg"}}, {"model": "web.portfolio", "pk": 19, "fields": {"service": 4, "title": "Sharjil House Mattannur", "slug": "sharjil-house-mattannur", "description": null, "image": "portfolio/1_0BhESNZ.jpg"}}, {"model": "web.portfolio", "pk": 20, "fields": {"service": 5, "title": "Town House Kottakkal", "slug": "town-house-kottakkal", "description": null, "image": "portfolio/00.jpg"}}, {"model": "web.portfolio", "pk": 21, "fields": {"service": 5, "title": "Urban House Alathiyur", "slug": "urban-house-alathiyur", "description": null, "image": "portfolio/1_5JaPCh7.jpg"}}, {"model": "web.portfolio", "pk": 22, "fields": {"service": 5, "title": "Winstead Villas Chavakkad", "slug": "winstead-villas-chavakkad", "description": null, "image": "portfolio/2_T9E2XLv.jpg"}}, {"model": "web.portfolio", "pk": 23, "fields": {"service": 3, "title": "Commecial @ Valanchery", "slug": "commecial-valanchery", "description": "", "image": "portfolio/01_1.jpg"}}, {"model": "web.portfolio", "pk": 24, "fields": {"service": 3, "title": "Commercial @ Tanur", "slug": "commercial-tanur", "description": "", "image": "portfolio/1_4.jpg"}}, {"model": "web.portfolio", "pk": 26, "fields": {"service": 2, "title": "Thaqwa School @ Valanchery", "slug": "thaqwa-school-valanchery", "description": "", "image": "portfolio/03_ThP4IDD.jpg"}}, {"model": "web.portfolio", "pk": 27, "fields": {"service": 4, "title": "Salam Kuttippuram", "slug": "salam-kuttippuram", "description": "", "image": "portfolio/vlcsnap-2025-03-07-11h11m45s893.jpg"}}, {"model": "web.portfolio", "pk": 29, "fields": {"service": 4, "title": "Shaqeeq Valanchery", "slug": "shafeeq-valanchery", "description": "", "image": "portfolio/1.JPG"}}, {"model": "web.portfolio", "pk": 30, "fields": {"service": 4, "title": "Saeed Vadakara", "slug": "saeed-vadakara", "description": "", "image": "portfolio/1_BCRZorG.jpg"}}, {"model": "web.portfolioimage", "pk": 13, "fields": {"project": 1, "image": "portfolio/1_GcffUk9.jpg"}}, {"model": "web.portfolioimage", "pk": 14, "fields": {"project": 1, "image": "portfolio/3.jpg"}}, {"model": "web.portfolioimage", "pk": 15, "fields": {"project": 1, "image": "portfolio/5.jpg"}}, {"model": "web.portfolioimage", "pk": 16, "fields": {"project": 2, "image": "portfolio/1_Hoi3Bu6.jpg"}}, {"model": "web.portfolioimage", "pk": 17, "fields": {"project": 2, "image": "portfolio/2.jpg"}}, {"model": "web.portfolioimage", "pk": 18, "fields": {"project": 2, "image": "portfolio/3_p1T0LDk.jpg"}}, {"model": "web.portfolioimage", "pk": 19, "fields": {"project": 3, "image": "portfolio/1_2t33TWY.jpg"}}, {"model": "web.portfolioimage", "pk": 20, "fields": {"project": 3, "image": "portfolio/2_MCgqAw5.jpg"}}, {"model": "web.portfolioimage", "pk": 21, "fields": {"project": 3, "image": "portfolio/3_nJ9IU3W.jpg"}}, {"model": "web.portfolioimage", "pk": 22, "fields": {"project": 3, "image": "portfolio/21.jpg"}}, {"model": "web.portfolioimage", "pk": 23, "fields": {"project": 4, "image": "portfolio/B_PmiBslp.jpg"}}, {"model": "web.portfolioimage", "pk": 24, "fields": {"project": 4, "image": "portfolio/C.jpg"}}, {"model": "web.portfolioimage", "pk": 25, "fields": {"project": 4, "image": "portfolio/D.jpg"}}, {"model": "web.portfolioimage", "pk": 26, "fields": {"project": 4, "image": "portfolio/E.jpg"}}, {"model": "web.portfolioimage", "pk": 27, "fields": {"project": 4, "image": "portfolio/F.jpg"}}, {"model": "web.portfolioimage", "pk": 28, "fields": {"project": 4, "image": "portfolio/G.jpg"}}, {"model": "web.portfolioimage", "pk": 29, "fields": {"project": 4, "image": "portfolio/H.jpg"}}, {"model": "web.portfolioimage", "pk": 30, "fields": {"project": 4, "image": "portfolio/I.jpg"}}, {"model": "web.portfolioimage", "pk": 31, "fields": {"project": 5, "image": "portfolio/1_GArCB99.jpg"}}, {"model": "web.portfolioimage", "pk": 32, "fields": {"project": 5, "image": "portfolio/2_RJpm1rB.jpg"}}, {"model": "web.portfolioimage", "pk": 33, "fields": {"project": 5, "image": "portfolio/3_KxaZNJ5.jpg"}}, {"model": "web.portfolioimage", "pk": 34, "fields": {"project": 5, "image": "portfolio/4a.jpg"}}, {"model": "web.portfolioimage", "pk": 35, "fields": {"project": 5, "image": "portfolio/5_vHrJhnD.jpg"}}, {"model": "web.portfolioimage", "pk": 36, "fields": {"project": 5, "image": "portfolio/6.jpg"}}, {"model": "web.portfolioimage", "pk": 37, "fields": {"project": 6, "image": "portfolio/1f_PiSZObd.jpg"}}, {"model": "web.portfolioimage", "pk": 38, "fields": {"project": 6, "image": "portfolio/2_8PdpxUF.jpg"}}, {"model": "web.portfolioimage", "pk": 39, "fields": {"project": 6, "image": "portfolio/3f.jpg"}}, {"model": "web.portfolioimage", "pk": 40, "fields": {"project": 6, "image": "portfolio/4f.jpg"}}, {"model": "web.portfolioimage", "pk": 41, "fields": {"project": 7, "image": "portfolio/01_qRwrLL7.jpg"}}, {"model": "web.portfolioimage", "pk": 42, "fields": {"project": 7, "image": "portfolio/02.jpg"}}, {"model": "web.portfolioimage", "pk": 43, "fields": {"project": 7, "image": "portfolio/03.jpg"}}, {"model": "web.portfolioimage", "pk": 44, "fields": {"project": 7, "image": "portfolio/04.jpg"}}, {"model": "web.portfolioimage", "pk": 45, "fields": {"project": 7, "image": "portfolio/05.jpg"}}, {"model": "web.portfolioimage", "pk": 46, "fields": {"project": 7, "image": "portfolio/06.jpg"}}, {"model": "web.portfolioimage", "pk": 47, "fields": {"project": 7, "image": "portfolio/07.jpg"}}, {"model": "web.portfolioimage", "pk": 48, "fields": {"project": 8, "image": "portfolio/2_nsvj78W.jpg"}}, {"model": "web.portfolioimage", "pk": 49, "fields": {"project": 8, "image": "portfolio/5_7d29tBd.jpg"}}, {"model": "web.portfolioimage", "pk": 50, "fields": {"project": 8, "image": "portfolio/6_nqJGxW6.jpg"}}, {"model": "web.portfolioimage", "pk": 51, "fields": {"project": 8, "image": "portfolio/7.jpg"}}, {"model": "web.portfolioimage", "pk": 52, "fields": {"project": 8, "image": "portfolio/8.jpg"}}, {"model": "web.portfolioimage", "pk": 53, "fields": {"project": 8, "image": "portfolio/9.jpg"}}, {"model": "web.portfolioimage", "pk": 54, "fields": {"project": 8, "image": "portfolio/11.jpg"}}, {"model": "web.portfolioimage", "pk": 55, "fields": {"project": 8, "image": "portfolio/12.jpg"}}, {"model": "web.portfolioimage", "pk": 56, "fields": {"project": 8, "image": "portfolio/13.jpg"}}, {"model": "web.portfolioimage", "pk": 57, "fields": {"project": 8, "image": "portfolio/15.jpg"}}, {"model": "web.portfolioimage", "pk": 58, "fields": {"project": 9, "image": "portfolio/11_6PF9r1A.jpg"}}, {"model": "web.portfolioimage", "pk": 59, "fields": {"project": 9, "image": "portfolio/13_qZFrYmz.jpg"}}, {"model": "web.portfolioimage", "pk": 60, "fields": {"project": 9, "image": "portfolio/15_81N7kjF.jpg"}}, {"model": "web.portfolioimage", "pk": 61, "fields": {"project": 9, "image": "portfolio/19.jpg"}}, {"model": "web.portfolioimage", "pk": 62, "fields": {"project": 10, "image": "portfolio/1_HxsYeaj.jpg"}}, {"model": "web.portfolioimage", "pk": 63, "fields": {"project": 10, "image": "portfolio/2_dfasFZX.jpg"}}, {"model": "web.portfolioimage", "pk": 64, "fields": {"project": 10, "image": "portfolio/4.jpg"}}, {"model": "web.portfolioimage", "pk": 65, "fields": {"project": 10, "image": "portfolio/5_R3uM6yv.jpg"}}, {"model": "web.portfolioimage", "pk": 66, "fields": {"project": 10, "image": "portfolio/6_rD1vNi7.jpg"}}, {"model": "web.portfolioimage", "pk": 67, "fields": {"project": 10, "image": "portfolio/7_UAg2y6V.jpg"}}, {"model": "web.portfolioimage", "pk": 68, "fields": {"project": 10, "image": "portfolio/8_RN21Doz.jpg"}}, {"model": "web.portfolioimage", "pk": 69, "fields": {"project": 11, "image": "portfolio/1_pRJqRWo.jpg"}}, {"model": "web.portfolioimage", "pk": 70, "fields": {"project": 11, "image": "portfolio/2_F31TL6W.jpg"}}, {"model": "web.portfolioimage", "pk": 71, "fields": {"project": 11, "image": "portfolio/3_n3nR7ZR.jpg"}}, {"model": "web.portfolioimage", "pk": 72, "fields": {"project": 11, "image": "portfolio/4_DbDwTN6.jpg"}}, {"model": "web.portfolioimage", "pk": 73, "fields": {"project": 11, "image": "portfolio/6_wqfbLmV.jpg"}}, {"model": "web.portfolioimage", "pk": 74, "fields": {"project": 11, "image": "portfolio/8e.jpg"}}, {"model": "web.portfolioimage", "pk": 75, "fields": {"project": 12, "image": "portfolio/1_utn2VhS.jpg"}}, {"model": "web.portfolioimage", "pk": 76, "fields": {"project": 12, "image": "portfolio/2_hO0q0SN.jpg"}}, {"model": "web.portfolioimage", "pk": 77, "fields": {"project": 12, "image": "portfolio/3_1SSBxzG.jpg"}}, {"model": "web.portfolioimage", "pk": 78, "fields": {"project": 12, "image": "portfolio/4_p94BhT0.jpg"}}, {"model": "web.portfolioimage", "pk": 79, "fields": {"project": 12, "image": "portfolio/5_qd82K9X.jpg"}}, {"model": "web.portfolioimage", "pk": 80, "fields": {"project": 12, "image": "portfolio/8_4YQA31c.jpg"}}, {"model": "web.portfolioimage", "pk": 81, "fields": {"project": 12, "image": "portfolio/9_VoGE36m.jpg"}}, {"model": "web.portfolioimage", "pk": 82, "fields": {"project": 13, "image": "portfolio/1_9Nhhl4C.jpg"}}, {"model": "web.portfolioimage", "pk": 83, "fields": {"project": 13, "image": "portfolio/2_525gCXZ.jpg"}}, {"model": "web.portfolioimage", "pk": 84, "fields": {"project": 13, "image": "portfolio/5_lsyRhUE.jpg"}}, {"model": "web.portfolioimage", "pk": 85, "fields": {"project": 13, "image": "portfolio/9_fNSFJ8m.jpg"}}, {"model": "web.portfolioimage", "pk": 86, "fields": {"project": 14, "image": "portfolio/3_7ojqH9j.jpg"}}, {"model": "web.portfolioimage", "pk": 87, "fields": {"project": 14, "image": "portfolio/4_WrHCNam.jpg"}}, {"model": "web.portfolioimage", "pk": 88, "fields": {"project": 14, "image": "portfolio/8_TT7ZVLy.jpg"}}, {"model": "web.portfolioimage", "pk": 89, "fields": {"project": 14, "image": "portfolio/dining..jpg"}}, {"model": "web.portfolioimage", "pk": 90, "fields": {"project": 14, "image": "portfolio/upper_living.jpg"}}, {"model": "web.portfolioimage", "pk": 91, "fields": {"project": 15, "image": "portfolio/2_2Lzhx64.jpg"}}, {"model": "web.portfolioimage", "pk": 92, "fields": {"project": 15, "image": "portfolio/3_rIFolPG.jpg"}}, {"model": "web.portfolioimage", "pk": 93, "fields": {"project": 15, "image": "portfolio/4_2045WSp.jpg"}}, {"model": "web.portfolioimage", "pk": 94, "fields": {"project": 15, "image": "portfolio/5_4p4zPUr.jpg"}}, {"model": "web.portfolioimage", "pk": 95, "fields": {"project": 15, "image": "portfolio/6_1sGcdnu.jpg"}}, {"model": "web.portfolioimage", "pk": 96, "fields": {"project": 15, "image": "portfolio/7_MAQSDOz.jpg"}}, {"model": "web.portfolioimage", "pk": 97, "fields": {"project": 15, "image": "portfolio/8_KwKnNyu.jpg"}}, {"model": "web.portfolioimage", "pk": 98, "fields": {"project": 15, "image": "portfolio/9_pzsQSYI.jpg"}}, {"model": "web.portfolioimage", "pk": 99, "fields": {"project": 15, "image": "portfolio/15_owYK5f8.jpg"}}, {"model": "web.portfolioimage", "pk": 100, "fields": {"project": 15, "image": "portfolio/20.jpg"}}, {"model": "web.portfolioimage", "pk": 101, "fields": {"project": 16, "image": "portfolio/1b_t7qknzy.jpg"}}, {"model": "web.portfolioimage", "pk": 102, "fields": {"project": 16, "image": "portfolio/2_zATf7lB.jpg"}}, {"model": "web.portfolioimage", "pk": 103, "fields": {"project": 16, "image": "portfolio/l.jpg"}}, {"model": "web.portfolioimage", "pk": 104, "fields": {"project": 17, "image": "portfolio/2_8QsVFCi.jpg"}}, {"model": "web.portfolioimage", "pk": 105, "fields": {"project": 17, "image": "portfolio/3_pafPbj9.jpg"}}, {"model": "web.portfolioimage", "pk": 106, "fields": {"project": 17, "image": "portfolio/4_n8MJyaT.jpg"}}, {"model": "web.portfolioimage", "pk": 107, "fields": {"project": 17, "image": "portfolio/5_4VobePd.jpg"}}, {"model": "web.portfolioimage", "pk": 108, "fields": {"project": 17, "image": "portfolio/6_Rj1K1zs.jpg"}}, {"model": "web.portfolioimage", "pk": 109, "fields": {"project": 17, "image": "portfolio/9_ADxo3VE.jpg"}}, {"model": "web.portfolioimage", "pk": 110, "fields": {"project": 17, "image": "portfolio/10.jpg"}}, {"model": "web.portfolioimage", "pk": 111, "fields": {"project": 17, "image": "portfolio/11_hbiU67J.jpg"}}, {"model": "web.portfolioimage", "pk": 119, "fields": {"project": 19, "image": "portfolio/1_kwqFrPA.jpg"}}, {"model": "web.portfolioimage", "pk": 120, "fields": {"project": 19, "image": "portfolio/2_1BYukmz.jpg"}}, {"model": "web.portfolioimage", "pk": 121, "fields": {"project": 19, "image": "portfolio/3_oa1KjtC.jpg"}}, {"model": "web.portfolioimage", "pk": 122, "fields": {"project": 20, "image": "portfolio/01_wGq3JlP.jpg"}}, {"model": "web.portfolioimage", "pk": 123, "fields": {"project": 20, "image": "portfolio/02_L6Pv7PP.jpg"}}, {"model": "web.portfolioimage", "pk": 124, "fields": {"project": 20, "image": "portfolio/03_JJSeFSu.jpg"}}, {"model": "web.portfolioimage", "pk": 125, "fields": {"project": 20, "image": "portfolio/04_wXW5w1T.jpg"}}, {"model": "web.portfolioimage", "pk": 126, "fields": {"project": 20, "image": "portfolio/05_XpqxJby.jpg"}}, {"model": "web.portfolioimage", "pk": 127, "fields": {"project": 20, "image": "portfolio/06_6R7Fxo7.jpg"}}, {"model": "web.portfolioimage", "pk": 128, "fields": {"project": 20, "image": "portfolio/07_q4FXrJ6.jpg"}}, {"model": "web.portfolioimage", "pk": 129, "fields": {"project": 21, "image": "portfolio/1_Dc7W6VP.jpg"}}, {"model": "web.portfolioimage", "pk": 130, "fields": {"project": 21, "image": "portfolio/1A_MMvQCA0.jpg"}}, {"model": "web.portfolioimage", "pk": 131, "fields": {"project": 21, "image": "portfolio/2_uwJj4Wp.jpg"}}, {"model": "web.portfolioimage", "pk": 132, "fields": {"project": 21, "image": "portfolio/3_ohFMXCE.jpg"}}, {"model": "web.portfolioimage", "pk": 133, "fields": {"project": 22, "image": "portfolio/3_uYNVHce.jpg"}}, {"model": "web.portfolioimage", "pk": 134, "fields": {"project": 22, "image": "portfolio/4_M1Zx6ZK.jpg"}}, {"model": "web.portfolioimage", "pk": 135, "fields": {"project": 22, "image": "portfolio/5_hwhzq0J.jpg"}}, {"model": "web.portfolioimage", "pk": 136, "fields": {"project": 22, "image": "portfolio/6_bUX0FWc.jpg"}}, {"model": "web.portfolioimage", "pk": 137, "fields": {"project": 22, "image": "portfolio/7_OXQw74l.jpg"}}, {"model": "web.portfolioimage", "pk": 138, "fields": {"project": 22, "image": "portfolio/8_ZGbLtOE.jpg"}}, {"model": "web.portfolioimage", "pk": 139, "fields": {"project": 22, "image": "portfolio/9_qkJOddx.jpg"}}, {"model": "web.portfolioimage", "pk": 140, "fields": {"project": 22, "image": "portfolio/10_9cfVHQL.jpg"}}, {"model": "web.portfolioimage", "pk": 141, "fields": {"project": 23, "image": "portfolio/02_P34uChY.jpg"}}, {"model": "web.portfolioimage", "pk": 142, "fields": {"project": 23, "image": "portfolio/03_uMG47Nf.jpg"}}, {"model": "web.portfolioimage", "pk": 143, "fields": {"project": 23, "image": "portfolio/04_Y1NLrXH.jpg"}}, {"model": "web.portfolioimage", "pk": 144, "fields": {"project": 24, "image": "portfolio/2_2.jpg"}}, {"model": "web.portfolioimage", "pk": 145, "fields": {"project": 24, "image": "portfolio/3_3.jpg"}}, {"model": "web.portfolioimage", "pk": 146, "fields": {"project": 24, "image": "portfolio/4_CvML2ia.jpg"}}, {"model": "web.portfolioimage", "pk": 147, "fields": {"project": 24, "image": "portfolio/5_GupVQuy.jpg"}}, {"model": "web.portfolioimage", "pk": 148, "fields": {"project": 24, "image": "portfolio/6_5LEWjBQ.jpg"}}, {"model": "web.portfolioimage", "pk": 149, "fields": {"project": 24, "image": "portfolio/7_a5s5sjB.jpg"}}, {"model": "web.portfolioimage", "pk": 150, "fields": {"project": 24, "image": "portfolio/8_0rtQabg.jpg"}}, {"model": "web.portfolioimage", "pk": 151, "fields": {"project": 24, "image": "portfolio/9_i6CfKUg.jpg"}}, {"model": "web.portfolioimage", "pk": 152, "fields": {"project": 24, "image": "portfolio/10_mKWjHie.jpg"}}, {"model": "web.portfolioimage", "pk": 153, "fields": {"project": 14, "image": "portfolio/1_oSC7I7v.jpg"}}, {"model": "web.portfolioimage", "pk": 154, "fields": {"project": 14, "image": "portfolio/2_oBMKHVJ.jpg"}}, {"model": "web.portfolioimage", "pk": 155, "fields": {"project": 14, "image": "portfolio/IMG_8469.jpg"}}, {"model": "web.portfolioimage", "pk": 156, "fields": {"project": 14, "image": "portfolio/IMG_8418.jpg"}}, {"model": "web.portfolioimage", "pk": 157, "fields": {"project": 14, "image": "portfolio/IMG_8367.jpg"}}, {"model": "web.portfolioimage", "pk": 158, "fields": {"project": 14, "image": "portfolio/IMG_8283.jpg"}}, {"model": "web.portfolioimage", "pk": 159, "fields": {"project": 1, "image": "portfolio/2_9KAS2Lc.jpg"}}, {"model": "web.portfolioimage", "pk": 160, "fields": {"project": 1, "image": "portfolio/4_g2cXG1j.jpg"}}, {"model": "web.portfolioimage", "pk": 161, "fields": {"project": 1, "image": "portfolio/9_Fu8vz7F.jpg"}}, {"model": "web.portfolioimage", "pk": 162, "fields": {"project": 1, "image": "portfolio/11_A7m5VTa.jpg"}}, {"model": "web.portfolioimage", "pk": 163, "fields": {"project": 1, "image": "portfolio/12_JghhsFj.jpg"}}, {"model": "web.portfolioimage", "pk": 170, "fields": {"project": 26, "image": "portfolio/02_zQZnZSu.jpg"}}, {"model": "web.portfolioimage", "pk": 171, "fields": {"project": 26, "image": "portfolio/04_bpTcSv0.jpg"}}, {"model": "web.portfolioimage", "pk": 172, "fields": {"project": 26, "image": "portfolio/08_1.jpg"}}, {"model": "web.portfolioimage", "pk": 173, "fields": {"project": 26, "image": "portfolio/09.jpg"}}, {"model": "web.portfolioimage", "pk": 174, "fields": {"project": 26, "image": "portfolio/11_1dcNXFV.jpg"}}, {"model": "web.portfolioimage", "pk": 175, "fields": {"project": 27, "image": "portfolio/vlcsnap-2025-03-07-11h10m05s097.jpg"}}, {"model": "web.portfolioimage", "pk": 176, "fields": {"project": 27, "image": "portfolio/vlcsnap-2025-03-07-11h10m28s831.jpg"}}, {"model": "web.portfolioimage", "pk": 177, "fields": {"project": 27, "image": "portfolio/vlcsnap-2025-03-07-11h11m35s215.jpg"}}, {"model": "web.portfolioimage", "pk": 178, "fields": {"project": 27, "image": "portfolio/vlcsnap-2025-03-07-11h11m45s893_f16j1hd.jpg"}}, {"model": "web.portfolioimage", "pk": 189, "fields": {"project": 29, "image": "portfolio/2.JPG"}}, {"model": "web.portfolioimage", "pk": 190, "fields": {"project": 29, "image": "portfolio/3.JPG"}}, {"model": "web.portfolioimage", "pk": 191, "fields": {"project": 29, "image": "portfolio/4.JPG"}}, {"model": "web.portfolioimage", "pk": 192, "fields": {"project": 29, "image": "portfolio/5.JPG"}}, {"model": "web.portfolioimage", "pk": 193, "fields": {"project": 29, "image": "portfolio/6.JPG"}}, {"model": "web.portfolioimage", "pk": 194, "fields": {"project": 29, "image": "portfolio/7.JPG"}}, {"model": "web.portfolioimage", "pk": 195, "fields": {"project": 29, "image": "portfolio/8.JPG"}}, {"model": "web.portfolioimage", "pk": 196, "fields": {"project": 29, "image": "portfolio/DSC04036.JPG"}}, {"model": "web.portfolioimage", "pk": 197, "fields": {"project": 11, "image": "portfolio/1_1.jpg"}}, {"model": "web.portfolioimage", "pk": 198, "fields": {"project": 11, "image": "portfolio/A_EiD4p6T.jpg"}}, {"model": "web.portfolioimage", "pk": 199, "fields": {"project": 11, "image": "portfolio/B_d4HXvN5.jpg"}}, {"model": "web.portfolioimage", "pk": 200, "fields": {"project": 30, "image": "portfolio/2_7fsI7uD.jpg"}}, {"model": "web.portfolioimage", "pk": 201, "fields": {"project": 30, "image": "portfolio/3_hj4Ss6h.jpg"}}, {"model": "web.portfolioimage", "pk": 202, "fields": {"project": 30, "image": "portfolio/5_c54ihyM.jpg"}}, {"model": "web.portfolioimage", "pk": 203, "fields": {"project": 30, "image": "portfolio/6_jXxHW5Z.jpg"}}, {"model": "web.portfolioimage", "pk": 204, "fields": {"project": 30, "image": "portfolio/7_bhpgdDe.jpg"}}, {"model": "web.portfolioimage", "pk": 205, "fields": {"project": 30, "image": "portfolio/9_ZMk3MZD.jpg"}}, {"model": "web.portfolioimage", "pk": 206, "fields": {"project": 30, "image": "portfolio/10_3mPIb3O.jpg"}}, {"model": "web.portfolioimage", "pk": 207, "fields": {"project": 30, "image": "portfolio/12_m71Jqrq.jpg"}}, {"model": "web.portfolioimage", "pk": 208, "fields": {"project": 30, "image": "portfolio/13_9i8kTNh.jpg"}}, {"model": "web.portfolioimage", "pk": 209, "fields": {"project": 30, "image": "portfolio/15A.jpg"}}, {"model": "web.portfolioimage", "pk": 210, "fields": {"project": 30, "image": "portfolio/16_YZPvTCm.jpg"}}, {"model": "web.portfolioimage", "pk": 211, "fields": {"project": 30, "image": "portfolio/17A.jpg"}}, {"model": "web.portfolioimage", "pk": 212, "fields": {"project": 30, "image": "portfolio/18_Nf25YKx.jpg"}}, {"model": "web.blog", "pk": 1, "fields": {"title": "The Art of Balancing Form and Function: A Guide to Timeless Interior Design", "slug": "the-art-of-balancing-form-and-function-a-guide-to-timeless-interior-design", "date": "2024-02-06", "description": "<p>In this blog post, delve deeper into the concept of balancing form and function in interior design. Discuss specific design elements and principles that contribute to achieving this balance, such as furniture layout, lighting choices, and the use of versatile materials. Provide real-life examples of projects where the marriage of aesthetics and practicality has resulted in enduring and beautiful spaces. Additionally, offer practical tips for readers, including how to assess their own needs and preferences to strike the right balance in their homes or offices.</p>", "image": "blog/blog-1.jpg"}}, {"model": "web.blog", "pk": 2, "fields": {"title": "Sustainable Architecture: Building for a Greener Tomorrow", "slug": "sustainable-architecture-building-for-a-greener-tomorrow", "date": "2024-02-06", "description": "<p>Explore the different facets of sustainable architecture in greater detail. Break down the key components of eco-friendly building, including the use of recycled materials, energy-efficient HVAC systems, and green roofing. Discuss the impact of sustainable design on reducing carbon footprints and promoting healthier indoor environments. Highlight specific architectural projects that showcase innovative sustainable features and techniques. Encourage readers to consider sustainability in their own architectural projects, whether it's a residential home or a commercial building, by offering actionable steps and resources for incorporating green practices.</p>", "image": "blog/blog-2.jpg"}}, {"model": "web.blog", "pk": 3, "fields": {"title": "A Sneak Peek into the Future of Living Spaces", "slug": "a-sneak-peek-into-the-future-of-living-spaces", "date": "2024-02-06", "description": "<p>Provide an in-depth exploration of the latest interior design trends for 2024. Break down trends by room, discussing how they manifest in living rooms, bedrooms, kitchens, and home offices. Discuss the influence of technology on design trends, such as smart home integration and the use of virtual reality in design planning. Include visuals and mood boards to illustrate each trend, making it an engaging and visually appealing read. Offer practical advice on how readers can embrace these trends in their own spaces, whether through small decor updates or more significant design changes.</p>", "image": "blog/blog-3.jpg"}}, {"model": "web.contact", "pk": 1, "fields": {"name": "MUFEED TT", "timestamp": "2024-12-13T12:11:07.019Z", "phone": "7569800800", "message": "Deputy Manager & HR Admin"}}, {"model": "web.contact", "pk": 2, "fields": {"name": "MUFEED TT", "timestamp": "2025-01-25T07:14:46.165Z", "phone": "7659800800", "message": "hi"}}, {"model": "web.team", "pk": 3, "fields": {"name": "Abdul Majid OK", "designation": "CREATIVE HEAD", "image": "team/3_3.jpg"}}]