[{"model": "admin_interface.theme", "pk": 1, "fields": {"name": "PIAS", "active": true, "title": "PIAS Administration", "title_color": "#F5DD5D", "title_visible": true, "logo": "", "logo_color": "#FFFFFF", "logo_max_width": 400, "logo_max_height": 100, "logo_visible": false, "favicon": "", "env_name": "", "env_color": "#E74C3C", "env_visible_in_header": true, "env_visible_in_favicon": true, "language_chooser_active": true, "language_chooser_control": "default-select", "language_chooser_display": "code", "css_header_background_color": "#0C4B33", "css_header_text_color": "#44B78B", "css_header_link_color": "#FFFFFF", "css_header_link_hover_color": "#C9F0DD", "css_module_background_color": "#44B78B", "css_module_background_selected_color": "#FFFFCC", "css_module_text_color": "#FFFFFF", "css_module_link_color": "#FFFFFF", "css_module_link_selected_color": "#FFFFFF", "css_module_link_hover_color": "#C9F0DD", "css_module_rounded_corners": true, "css_generic_link_color": "#0C3C26", "css_generic_link_hover_color": "#156641", "css_generic_link_active_color": "#29B864", "css_save_button_background_color": "#0C4B33", "css_save_button_background_hover_color": "#0C3C26", "css_save_button_text_color": "#FFFFFF", "css_delete_button_background_color": "#BA2121", "css_delete_button_background_hover_color": "#A41515", "css_delete_button_text_color": "#FFFFFF", "related_modal_active": true, "related_modal_background_color": "#000000", "related_modal_background_opacity": "0.3", "related_modal_rounded_corners": true, "related_modal_close_button_visible": true, "list_filter_highlight": true, "list_filter_dropdown": true, "list_filter_sticky": true, "list_filter_removal_links": false, "foldable_apps": true, "show_fieldsets_as_tabs": false, "show_inlines_as_tabs": false, "collapsible_stacked_inlines": false, "collapsible_stacked_inlines_collapsed": true, "collapsible_tabular_inlines": false, "collapsible_tabular_inlines_collapsed": true, "recent_actions_visible": true, "form_submit_sticky": false, "form_pagination_sticky": false}}, {"model": "auth.user", "pk": 2, "fields": {"password": "pbkdf2_sha256$600000$DjtIUNSTrtejOcmSIDhax6$uGjhXFxmgVvXrjT3BL2mOZehEB9bF5Tp6gdbrVKbHAw=", "last_login": "2025-06-27T04:56:14.963Z", "is_superuser": true, "username": "pvanfas", "first_name": "Anfas", "last_name": "PV", "email": "anfaspv.info@gmail.com", "is_staff": true, "is_active": true, "date_joined": "2025-02-05T15:27:32Z", "groups": [], "user_permissions": []}}, {"model": "sessions.session", "pk": "2unzxc20bg9wr477ljqnlpj9sx2zvd3z", "fields": {"session_data": ".eJxVjEEOwiAQRe_C2hDKAAWX7j0DGWZAqoYmpV0Z765NutDtf-_9l4i4rTVuPS9xYnEWWpx-t4T0yG0HfMd2myXNbV2mJHdFHrTL68z5eTncv4OKvX5rCFggwJiyIzAhsA22DMWBJ4NmKKAUumL1aMAXRz4RMKDGzI4DKRTvD9lwOA8:1ts22x:tfVFuItOwwTUK8VTVfRbhnieRuuwlxqef4TV1jDfyHY", "expire_date": "2025-03-25T16:01:35.503Z"}}, {"model": "sessions.session", "pk": "9x13t16xw4rxxey54r3da11x2i113km7", "fields": {"session_data": ".eJxVjEEOwiAQRe_C2hDKAAWX7j0DGWZAqoYmpV0Z765NutDtf-_9l4i4rTVuPS9xYnEWWpx-t4T0yG0HfMd2myXNbV2mJHdFHrTL68z5eTncv4OKvX5rCFggwJiyIzAhsA22DMWBJ4NmKKAUumL1aMAXRz4RMKDGzI4DKRTvD9lwOA8:1tumZP:TQ-_KJa630AjIwefZAs1rpKFP-lupr8ppzxmam2EaG8", "expire_date": "2025-04-02T06:06:27.110Z"}}, {"model": "sessions.session", "pk": "cdg30li9i45q2amwokxgt95d02d597nx", "fields": {"session_data": ".eJxVjEEOwiAQRe_C2hDKAAWX7j0DGWZAqoYmpV0Z765NutDtf-_9l4i4rTVuPS9xYnEWWpx-t4T0yG0HfMd2myXNbV2mJHdFHrTL68z5eTncv4OKvX5rCFggwJiyIzAhsA22DMWBJ4NmKKAUumL1aMAXRz4RMKDGzI4DKRTvD9lwOA8:1uV18I:QXfTaBNsIQNip0rj3s351w8EymSQ5tZvJdIGQEWnv4w", "expire_date": "2025-07-11T04:56:14.966Z"}}, {"model": "sessions.session", "pk": "dlymch8oc63klq11e66wxuewfd1wlbf5", "fields": {"session_data": ".eJxVjEEOwiAQRe_C2hDKAAWX7j0DGWZAqoYmpV0Z765NutDtf-_9l4i4rTVuPS9xYnEWWpx-t4T0yG0HfMd2myXNbV2mJHdFHrTL68z5eTncv4OKvX5rCFggwJiyIzAhsA22DMWBJ4NmKKAUumL1aMAXRz4RMKDGzI4DKRTvD9lwOA8:1tfhJV:RvGT8yMbvlvpANMHxqd4ytZMqxHsLWdhzL6fXoTYGgY", "expire_date": "2025-02-19T15:27:41.289Z"}}, {"model": "sessions.session", "pk": "efclzypjvd12et4zu5egz0d6998xyj0s", "fields": {"session_data": ".eJxVjEEOwiAQRe_C2hDKAAWX7j0DGWZAqoYmpV0Z765NutDtf-_9l4i4rTVuPS9xYnEWWpx-t4T0yG0HfMd2myXNbV2mJHdFHrTL68z5eTncv4OKvX5rCFggwJiyIzAhsA22DMWBJ4NmKKAUumL1aMAXRz4RMKDGzI4DKRTvD9lwOA8:1to69r:lbzygzZUKjZLv5ZSlK3g0xGSOwhpY1ijii_dOnjQqS8", "expire_date": "2025-03-14T19:36:27.219Z"}}, {"model": "sessions.session", "pk": "h3wazsnvv8uuhmant5jfn64t7xy4esg9", "fields": {"session_data": ".eJxVjEEOwiAQRe_C2hDKAAWX7j0DGWZAqoYmpV0Z765NutDtf-_9l4i4rTVuPS9xYnEWWpx-t4T0yG0HfMd2myXNbV2mJHdFHrTL68z5eTncv4OKvX5rCFggwJiyIzAhsA22DMWBJ4NmKKAUumL1aMAXRz4RMKDGzI4DKRTvD9lwOA8:1trfJ3:F4uOIVUg7NR4UFrhLGnSFKDlY2rPwDtyxP7RADgcugQ", "expire_date": "2025-03-24T15:44:41.673Z"}}, {"model": "sessions.session", "pk": "vuk9wa9glkppmlrt85kk89z0vl0cg6vw", "fields": {"session_data": ".eJxVjEEOwiAQRe_C2hDKAAWX7j0DGWZAqoYmpV0Z765NutDtf-_9l4i4rTVuPS9xYnEWWpx-t4T0yG0HfMd2myXNbV2mJHdFHrTL68z5eTncv4OKvX5rCFggwJiyIzAhsA22DMWBJ4NmKKAUumL1aMAXRz4RMKDGzI4DKRTvD9lwOA8:1trfIt:ar4asUad0QRy4U5P1DDEY7QEJtSBEvl2dyti19EymvI", "expire_date": "2025-03-24T15:44:31.033Z"}}, {"model": "web.industryexpert", "pk": 1, "fields": {"name": "Amazon", "logo": "industry_expert_logo/Frame_1.png", "priority": 1}}, {"model": "web.industryexpert", "pk": 2, "fields": {"name": "Flipkart", "logo": "industry_expert_logo/Frame_2.png", "priority": 2}}, {"model": "web.industryexpert", "pk": 3, "fields": {"name": "VIT", "logo": "industry_expert_logo/Frame_3.png", "priority": 14}}, {"model": "web.industryexpert", "pk": 4, "fields": {"name": "Razorpay", "logo": "industry_expert_logo/Frame_4.png", "priority": 7}}, {"model": "web.industryexpert", "pk": 5, "fields": {"name": "JP Morgan", "logo": "industry_expert_logo/Frame_5.png", "priority": 10}}, {"model": "web.industryexpert", "pk": 6, "fields": {"name": "Cisco", "logo": "industry_expert_logo/Frame_6.png", "priority": 6}}, {"model": "web.industryexpert", "pk": 7, "fields": {"name": "Nasdaq", "logo": "industry_expert_logo/Frame_7.png", "priority": 13}}, {"model": "web.industryexpert", "pk": 8, "fields": {"name": "Capegemini", "logo": "industry_expert_logo/Frame_8.png", "priority": 16}}, {"model": "web.industryexpert", "pk": 9, "fields": {"name": "Accenture", "logo": "industry_expert_logo/Frame_9.png", "priority": 4}}, {"model": "web.industryexpert", "pk": 10, "fields": {"name": "Google", "logo": "industry_expert_logo/Frame_10.png", "priority": 3}}, {"model": "web.industryexpert", "pk": 11, "fields": {"name": "Prospello", "logo": "industry_expert_logo/Frame_11.png", "priority": 12}}, {"model": "web.industryexpert", "pk": 12, "fields": {"name": "Jupiter", "logo": "industry_expert_logo/Frame_12.png", "priority": 9}}, {"model": "web.industryexpert", "pk": 13, "fields": {"name": "Sanford", "logo": "industry_expert_logo/Frame_13.png", "priority": 15}}, {"model": "web.industryexpert", "pk": 14, "fields": {"name": "Geeks for Geeks", "logo": "industry_expert_logo/Frame_14.png", "priority": 8}}, {"model": "web.industryexpert", "pk": 15, "fields": {"name": "Toyota", "logo": "industry_expert_logo/Frame_15.png", "priority": 5}}, {"model": "web.industryexpert", "pk": 16, "fields": {"name": "Boston", "logo": "industry_expert_logo/Frame_16.png", "priority": 11}}, {"model": "web.industryexpert", "pk": 17, "fields": {"name": "Interval", "logo": "industry_expert_logo/Frame_17.png", "priority": 17}}, {"model": "web.skillcategory", "pk": 1, "fields": {"title": "Development", "subtitle": "Build the future", "icon": "skill_category_icon/7.svg"}}, {"model": "web.skillcategory", "pk": 2, "fields": {"title": "Designing", "subtitle": "Shape the future of design.", "icon": "skill_category_icon/3.svg"}}, {"model": "web.skillcategory", "pk": 3, "fields": {"title": "Business", "subtitle": "Drive growth and innovation", "icon": "skill_category_icon/1.svg"}}, {"model": "web.course", "pk": 1, "fields": {"title": "Diploma in Advanced Web Application Programming", "slug": "diploma-in-advanced-web-application-programming", "description": "Master the art of building dynamic, high-performance web applications using modern programming languages and frameworks.", "summary": "Elevate your coding skills and become a master of modern web development with our Diploma in Advanced Web Application Programming. Learn to build dynamic, high-performance web applications using the latest programming languages and cutting-edge frameworks. Dive deep into front-end and back-end technologies, database integration, and cloud-based solutions while gaining hands-on experience in real-world projects. By the end of the course, you'll be equipped with the tools to develop scalable, secure, and responsive web applications that meet the needs of today’s digital economy, empowering you to shape the future of web development.", "image": "course_image/diploma-in-advanced-web-application-programming_Zeb5yiO.jpg", "skill_category": 1}}, {"model": "web.course", "pk": 2, "fields": {"title": "Diploma in Cross-Platform Mobile App Development", "slug": "diploma-in-cross-platform-mobile-app-development", "description": "Learn how to design, develop, and deploy mobile applications that run seamlessly across multiple platforms.", "summary": "Master the art of building mobile applications that deliver seamless experiences across multiple platforms with our Diploma in Cross-Platform Mobile App Development. Learn how to design, develop, and deploy high-performance apps using popular frameworks like Flutter. This program covers everything from UI/UX design principles to backend integration and mobile app deployment strategies. With hands-on projects and industry-relevant insights, you’ll gain the skills to create responsive, feature-rich apps that function flawlessly on both iOS and Android devices. Prepare to become a versatile mobile developer ready to meet the demands of the ever-evolving mobile tech landscape.", "image": "course_image/diploma-in-cross-platform-mobile-app-development.jpg", "skill_category": 1}}, {"model": "web.course", "pk": 3, "fields": {"title": "Diploma in Performance Marketing and Analytics", "slug": "diploma-in-performance-marketing-and-analytics", "description": "Explore the strategies and learn to analyze data and optimize campaigns to drive results and maximize ROI.", "summary": "Unlock the power of data-driven marketing with our Diploma in Performance Marketing and Analytics. Dive deep into the strategies behind effective digital marketing campaigns, learning to leverage key metrics and tools to analyze data, optimize campaigns, and drive impactful results. This program covers everything from search engine marketing (SEM) and social media advertising to conversion optimization and marketing analytics. You’ll gain hands-on experience in tracking and interpreting data, refining strategies in real time, and maximizing ROI. Whether you're looking to enhance brand visibility, improve customer acquisition, or boost sales, this course equips you with the skills to excel in the fast-paced world of performance marketing.", "image": "course_image/diploma-in-performance-marketing-and-analytics.jpg", "skill_category": 1}}, {"model": "web.course", "pk": 4, "fields": {"title": "Diploma in Advanced UI/UX Design and Prototyping", "slug": "diploma-in-advanced-uiux-design-and-prototyping", "description": "Master user experience principles, prototyping tools, and techniques to design exceptional digital products.", "summary": "Unlock your potential in the dynamic world of digital design with our comprehensive Diploma in Advanced UI/UX Design and Prototyping. Master essential user experience principles, advanced prototyping tools, and cutting-edge techniques to craft intuitive, engaging, and visually stunning digital products. Through hands-on projects and expert-led guidance, you will develop the skills needed to create seamless user experiences, conduct in-depth usability testing, and design innovative interfaces that stand out in today’s competitive digital landscape. Equip yourself with the expertise to transform ideas into impactful, user-centered designs.", "image": "course_image/diploma-in-advanced-uiux-design-and-prototyping.jpg", "skill_category": 1}}, {"model": "web.course", "pk": 5, "fields": {"title": "Diploma in Creative Design and Digital Arts", "slug": "diploma-in-creative-design-and-digital-arts", "description": "Unleash your creativity with advanced design techniques and tools. Learn graphic design, branding, and digital art creation to craft compelling visuals for diverse platforms.", "summary": "Unleash your artistic potential and transform your creativity into compelling digital masterpieces with our Diploma in Creative Design and Digital Arts. Master advanced design techniques, tools, and software to craft stunning visuals across a range of platforms. From graphic design and branding to digital illustration and multimedia art, this program provides a deep dive into the world of creative design. Learn how to bring ideas to life through innovative design strategies, while building a strong portfolio that showcases your unique style and technical skills. Whether for advertising, digital media, or branding, you'll be equipped to create impactful designs that captivate and inspire audiences.", "image": "course_image/diploma-in-creative-design-and-digital-arts.jpg", "skill_category": 2}}, {"model": "web.course", "pk": 6, "fields": {"title": "Diploma in Business Administration & Management", "slug": "diploma-in-business-administration-management", "description": "Develop essential skills in leadership, strategic planning, and organizational management. Learn to navigate business challenges, make data-driven decisions, and drive success in diverse industries.", "summary": "Gain the critical leadership and management skills needed to excel in today’s fast-paced business environment with our Diploma in Business Administration & Management. This comprehensive program covers essential topics such as strategic planning, organizational management, and leadership development. Learn how to navigate complex business challenges, make informed, data-driven decisions, and effectively drive success across diverse industries. Through practical case studies, industry insights, and hands-on learning, you'll be equipped with the knowledge and tools to lead teams, optimize operations, and shape the future of organizations in any sector.", "image": "course_image/diploma-in-business-administration-management.jpg", "skill_category": 3}}, {"model": "web.course", "pk": 7, "fields": {"title": "Diploma in AI Engineering", "slug": "diploma-in-ai-engineering", "description": "The Diploma in AI Engineering is a comprehensive 18-month program designed to equip students with the essential skills and knowledge needed to design, develop, and deploy artificial intelligence systems in real-world applications. This intensive program combines theoretical foundations with hands-on practical experience, preparing graduates for immediate entry into the rapidly growing AI industry.", "summary": "Students will master core AI concepts including machine learning algorithms, deep learning architectures, natural language processing, computer vision, and neural network design. The curriculum emphasizes both the mathematical foundations underlying AI systems and the practical engineering skills required to build scalable, production-ready AI solutions. Through project-based learning, students will work with industry-standard tools and frameworks while developing a portfolio of AI applications.\r\nThe program covers essential programming languages including Python and R, popular AI frameworks such as TensorFlow and PyTorch, and cloud computing platforms for AI deployment. Students will also gain experience with data preprocessing, model optimization, ethical AI development, and performance evaluation techniques. Industry partnerships provide opportunities for internships and capstone projects with leading technology companies.", "image": "course_image/Frame_156.png", "skill_category": 1}}, {"model": "web.testimonial", "pk": 1, "fields": {"name": "Aiswarya", "designation": "AI Professional", "image": "testimonial_image/Aiswarya.jpg", "content": "Having spent years in the fast-paced world of tech, I’ve witnessed firsthand how a dedicated, aligned team can elevate a company from great ideas to game-changing success. It's not just about skills—it’s about a shared vision, a growth mindset, and the relentless drive to innovate together. The right team is not just a support system; it’s the force that propels you forward."}}, {"model": "web.testimonial", "pk": 2, "fields": {"name": "Aarav Patel", "designation": "Lead Product Designer", "image": "testimonial_image/Aarav_Patel.jpg", "content": "In my years working across various industries, I’ve learned that the key to success lies in the people you work with. A strong, collaborative team doesn’t just execute plans—it fuels the creativity and determination needed to turn challenges into opportunities. It’s the collective energy that drives a business forward, day after day"}}, {"model": "web.faq", "pk": 1, "fields": {"question": "What is the duration of the program?", "answer": "The duration of our programs varies based on the specific course you choose. Typically, courses range from 6 months to 12 months, offering flexible timelines tailored to the depth and complexity of the subject matter."}}, {"model": "web.faq", "pk": 2, "fields": {"question": "Is the program offered offline or online?", "answer": "Our program is delivered in a hybrid format, combining both online and offline learning elements. However, to maintain the quality of our interactive sessions and practical experiences, 70% offline attendance is required, ensuring that you gain hands-on exposure and collaborate directly with instructors and peers."}}, {"model": "web.faq", "pk": 3, "fields": {"question": "What are the program fees?", "answer": "For detailed information regarding the course fees, including available payment plans and discounts, we encourage you to contact our sales team. Our team will provide you with all the necessary details and assist in selecting the most suitable option for you."}}, {"model": "web.faq", "pk": 4, "fields": {"question": "Where are the course locations?", "answer": "We are proud to offer our programs across multiple locations, including Bangalore, Kozhikode, Malappuram, and Chennai. This allows us to cater to a wide geographical audience and provide students with access to our best-in-class facilities."}}, {"model": "web.faq", "pk": 5, "fields": {"question": "What are the eligibility criteria for enrolling in the program?", "answer": "Our programs are designed for a diverse range of learners. As long as you have a recognized undergraduate degree, you are eligible to enroll. We believe in providing opportunities for individuals from varied academic backgrounds to enhance their skills and grow professionally."}}, {"model": "web.speaker", "pk": 1, "fields": {"name": "PV Anfas", "designation": "Dean, PIAS", "image": "speaker_image/anfas.jpg"}}, {"model": "web.speaker", "pk": 2, "fields": {"name": "Vellanki Sriharsha (Harsha)", "designation": "AI leader", "image": "speaker_image/harsha_1.jpeg"}}, {"model": "web.event", "pk": 1, "fields": {"title": "New Age of Intelligence", "description": "Step into the future with our exclusive webinar, \"The New Age of Intelligence,\" where we explore the groundbreaking advancements reshaping industries and society. From artificial intelligence to data-driven decision-making, this session will uncover how emerging technologies are redefining innovation, productivity, and human potential.", "image": "event_image/New_Age_of_Intelligence.png", "date": "2025-01-09", "time": "21:00:00", "location": "Online", "speaker": 1, "registration_link": null}}, {"model": "web.phonerequest", "pk": 20, "fields": {"phone": "8590406684", "created_at": "2025-05-22T15:12:37.319Z"}}, {"model": "web.chatrequest", "pk": 3, "fields": {"name": "Harshini Mandava", "email": "harshinimandava99@gmail.com", "phone": "8121230632", "city": "Hyd", "created_at": "2025-02-21T07:00:17.238Z"}}, {"model": "web.courseenquiry", "pk": 2, "fields": {"name": "Husna Onathukattil", "email": "husnahussaincreates@gmail.com", "phone": "9617727498", "whatsapp": "9617727498", "course": 4, "message": "I would like to join the UI/UX course because it combines creativity and problem-solving, allowing me to develop and design user-friendly digital experiences. With my background in BA interior design, I believe I have an eye for aesthetics and functionality, making UI/UX a natural extension of my skills. It also offers flexible career opportunities that align with my goals.", "created_at": "2025-01-04T14:25:36Z"}}, {"model": "web.courseenquiry", "pk": 3, "fields": {"name": "Deepu Devasia", "email": "deepu.devasia08@gmail.com", "phone": "9877969528", "whatsapp": "9877969528", "course": 7, "message": "-", "created_at": "2025-01-04T14:25:36Z"}}, {"model": "web.courseenquiry", "pk": 4, "fields": {"name": "Sharath Thalodil", "email": "sharaththalodil@gmail.com", "phone": "9344937874", "whatsapp": "9344937874", "course": 7, "message": "-", "created_at": "2025-01-04T14:25:36Z"}}, {"model": "web.courseenquiry", "pk": 5, "fields": {"name": "Arun Tomayalloor", "email": "aruntomayalloor@gmail.com", "phone": "9512794090", "whatsapp": "9512794090", "course": 7, "message": "-", "created_at": "2025-01-04T14:25:36Z"}}, {"model": "web.courseenquiry", "pk": 6, "fields": {"name": "Anagha S Das", "email": "anaghasdas67@gmail.com", "phone": "9301145564", "whatsapp": "9301145564", "course": 7, "message": "-", "created_at": "2025-01-04T14:25:36Z"}}, {"model": "web.courseenquiry", "pk": 7, "fields": {"name": "Dayana Rani", "email": "dayanarani75@gmail.com", "phone": "9973837189", "whatsapp": "9973837189", "course": 7, "message": "-", "created_at": "2025-01-04T14:25:36Z"}}, {"model": "web.courseenquiry", "pk": 8, "fields": {"name": "Jomal PJ", "email": "jomalpj005@gmail.com", "phone": "9410157096", "whatsapp": "9410157096", "course": 7, "message": "-", "created_at": "2025-01-04T14:25:36Z"}}, {"model": "web.courseenquiry", "pk": 9, "fields": {"name": "Kunchery Jose", "email": "kuncheryjose1@gmail.com", "phone": "9914756323", "whatsapp": "9914756323", "course": 7, "message": "-", "created_at": "2025-01-04T14:25:36Z"}}, {"model": "web.courseenquiry", "pk": 10, "fields": {"name": "Nivedita James", "email": "niveditajames1999@gmail.com", "phone": "9706733853", "whatsapp": "9706733853", "course": 7, "message": "-", "created_at": "2025-01-04T14:25:36Z"}}, {"model": "web.courseenquiry", "pk": 11, "fields": {"name": "Abhishek S", "email": "abhisheks777@gmail.com", "phone": "9762591290", "whatsapp": "9762591290", "course": 7, "message": "-", "created_at": "2025-01-04T14:25:36Z"}}, {"model": "web.courseenquiry", "pk": 12, "fields": {"name": "Yadhu Krishnan PC", "email": "yadhukrishnanpc3@gmail.com", "phone": "9308550468", "whatsapp": "9308550468", "course": 7, "message": "-", "created_at": "2025-01-04T14:25:36Z"}}, {"model": "web.courseenquiry", "pk": 13, "fields": {"name": "Harfaz", "email": "harfaz27@gmail.com", "phone": "9144798239", "whatsapp": "9144798239", "course": 7, "message": "-", "created_at": "2025-01-04T14:25:36Z"}}, {"model": "web.courseenquiry", "pk": 14, "fields": {"name": "Angel Philcy", "email": "angelphilcy@gmail.com", "phone": "9906125615", "whatsapp": "9906125615", "course": 7, "message": "-", "created_at": "2025-01-04T14:25:36Z"}}, {"model": "web.courseenquiry", "pk": 15, "fields": {"name": "Avnash S", "email": "avnashs95@gmail.com", "phone": "9224866095", "whatsapp": "9224866095", "course": 7, "message": "-", "created_at": "2025-01-04T14:25:36Z"}}, {"model": "web.courseenquiry", "pk": 16, "fields": {"name": "Liston Augustine Joseph", "email": "listonaugustinejoseph@gmail.com", "phone": "9229942761", "whatsapp": "9229942761", "course": 7, "message": "-", "created_at": "2025-01-04T14:25:36Z"}}, {"model": "web.courseenquiry", "pk": 17, "fields": {"name": "NJMR", "email": "njmr47@gmail.com", "phone": "8447438185", "whatsapp": "8447438185", "course": 7, "message": "", "created_at": "2025-06-27T06:11:31.508Z"}}, {"model": "web.courseenquiry", "pk": 18, "fields": {"name": "Anakha Balakrishnan", "email": "anakhabalakrishnan19@gmail.com", "phone": "8533436953", "whatsapp": "8533436953", "course": 7, "message": "-", "created_at": "2025-01-04T14:25:36Z"}}, {"model": "web.courseenquiry", "pk": 19, "fields": {"name": "Alina Sara", "email": "alinasara2002@gmail.com", "phone": "8403008836", "whatsapp": "8403008836", "course": 7, "message": "-", "created_at": "2025-01-04T14:25:36Z"}}, {"model": "web.courseenquiry", "pk": 20, "fields": {"name": "Shalet Rose", "email": "shaletrose101@gmail.com", "phone": "8378723829", "whatsapp": "8378723829", "course": 7, "message": "-", "created_at": "2025-01-04T14:25:36Z"}}, {"model": "web.courseenquiry", "pk": 21, "fields": {"name": "Sachin Baby", "email": "sachinbaby20@gmail.com", "phone": "8251480829", "whatsapp": "8251480829", "course": 7, "message": "-", "created_at": "2025-01-04T14:25:36Z"}}, {"model": "web.courseenquiry", "pk": 22, "fields": {"name": "Anakha C Sivadas", "email": "anakhacsivadas4303@gmail.com", "phone": "8735376819", "whatsapp": "8735376819", "course": 7, "message": "-", "created_at": "2025-01-04T14:25:36Z"}}, {"model": "web.courseenquiry", "pk": 23, "fields": {"name": "Solomon Mechery", "email": "solomonmechery@gmail.com", "phone": "8527035823", "whatsapp": "8527035823", "course": 7, "message": "-", "created_at": "2025-01-04T14:25:36Z"}}, {"model": "web.courseenquiry", "pk": 24, "fields": {"name": "Bijin James", "email": "bijinjames@gmail.com", "phone": "8583211772", "whatsapp": "8583211772", "course": 7, "message": "-", "created_at": "2025-01-04T14:25:36Z"}}, {"model": "web.courseenquiry", "pk": 25, "fields": {"name": "Aswathy Muralidharan", "email": "aswathymuralidharan61@gmail.com", "phone": "8602644509", "whatsapp": "8602644509", "course": 7, "message": "-", "created_at": "2025-01-04T14:25:36Z"}}, {"model": "web.courseenquiry", "pk": 26, "fields": {"name": "Jobin K Joy", "email": "jobinkjoy1999@gmail.com", "phone": "8215488244", "whatsapp": "8215488244", "course": 7, "message": "-", "created_at": "2025-01-04T14:25:36Z"}}, {"model": "web.courseenquiry", "pk": 27, "fields": {"name": "Jinendhu", "email": "jinendhu01@gmail.com", "phone": "8726427598", "whatsapp": "8726427598", "course": 7, "message": "-", "created_at": "2025-01-04T14:25:36Z"}}, {"model": "web.courseenquiry", "pk": 28, "fields": {"name": "Rahul B", "email": "rahulb1411@gmail.com", "phone": "8127025487", "whatsapp": "8127025487", "course": 7, "message": "-", "created_at": "2025-01-04T14:25:36Z"}}, {"model": "web.courseenquiry", "pk": 29, "fields": {"name": "J Joblitto", "email": "jjoblitto@gmail.com", "phone": "8939770646", "whatsapp": "8939770646", "course": 7, "message": "", "created_at": "2025-06-27T06:11:31.593Z"}}, {"model": "web.courseenquiry", "pk": 30, "fields": {"name": "Rejoe G Valavi", "email": "rejoegvalavi@gmail.com", "phone": "8761598438", "whatsapp": "8761598438", "course": 7, "message": "-", "created_at": "2025-01-04T14:25:36Z"}}, {"model": "web.courseenquiry", "pk": 31, "fields": {"name": "Anoop NJ", "email": "anoopnj88@gmail.com", "phone": "8371575556", "whatsapp": "8371575556", "course": 7, "message": "-", "created_at": "2025-01-04T14:25:36Z"}}, {"model": "web.courseenquiry", "pk": 32, "fields": {"name": "Jayarani James", "email": "jayaranijames24@gmail.com", "phone": "8223629319", "whatsapp": "8223629319", "course": 7, "message": "-", "created_at": "2025-01-04T14:25:36Z"}}, {"model": "web.courseenquiry", "pk": 33, "fields": {"name": "Geethika", "email": "geethika719@gmail.com", "phone": "8199662825", "whatsapp": "8199662825", "course": 7, "message": "-", "created_at": "2025-01-04T14:25:36Z"}}, {"model": "web.courseenquiry", "pk": 34, "fields": {"name": "Nithin", "email": "n4nithin8005@gmail.com", "phone": "8960990200", "whatsapp": "8960990200", "course": 7, "message": "-", "created_at": "2025-01-04T14:25:36Z"}}, {"model": "web.courseenquiry", "pk": 35, "fields": {"name": "Vip Webstar", "email": "vipwebstar@gmail.com", "phone": "8160329669", "whatsapp": "8160329669", "course": 7, "message": "", "created_at": "2025-06-27T06:11:31.628Z"}}, {"model": "web.courseenquiry", "pk": 36, "fields": {"name": "Sharukh AM", "email": "sharukh.am83@gmail.com", "phone": "8577341103", "whatsapp": "8577341103", "course": 7, "message": "-", "created_at": "2025-01-04T14:25:36Z"}}, {"model": "web.courseenquiry", "pk": 37, "fields": {"name": "Joseph Sunny", "email": "Josephsunny94@gmail.com", "phone": "8485689691", "whatsapp": "8485689691", "course": 7, "message": "-", "created_at": "2025-01-04T14:25:36Z"}}, {"model": "web.courseenquiry", "pk": 38, "fields": {"name": "Nirmal Joshy", "email": "Nirmaljoshy9@gmail.com", "phone": "8423265005", "whatsapp": "8423265005", "course": 7, "message": "-", "created_at": "2025-01-04T14:25:36Z"}}, {"model": "web.courseenquiry", "pk": 39, "fields": {"name": "Adithya Prabhu", "email": "Adithya.prabhu123@gmail.com", "phone": "8680062349", "whatsapp": "8680062349", "course": 7, "message": "-", "created_at": "2025-01-04T14:25:36Z"}}, {"model": "web.courseenquiry", "pk": 40, "fields": {"name": "Jojan P Joseph", "email": "jojanpjoseph@gmail.com", "phone": "8151698962", "whatsapp": "8151698962", "course": 7, "message": "-", "created_at": "2025-01-04T14:25:36Z"}}, {"model": "web.courseenquiry", "pk": 41, "fields": {"name": "Manu Raj", "email": "manuraj1996j@gmail.com", "phone": "8724735187", "whatsapp": "8724735187", "course": 7, "message": "-", "created_at": "2025-01-04T14:25:36Z"}}, {"model": "web.courseenquiry", "pk": 42, "fields": {"name": "Poovattil Jose J", "email": "poovattiljosej007@gmail.com", "phone": "8648272944", "whatsapp": "8648272944", "course": 7, "message": "-", "created_at": "2025-01-04T14:25:36Z"}}]